name,image,condition,days,difficulty,overview,tips,featured,addedDate,provisionalReward,provisionalSource
Township,assets/game-art/township-original.jpeg,指定条件クリア,"Lv60：完走データ蓄積中／Lv70高速例：33日でLv61","Lv60：普通〜やや難／Lv70：難しい","街づくりと農業・生産を進めながらプレイヤーレベルを上げるシミュレーションゲーム。ポイ活ではLv5〜70などのStepUp型が中心で、後半ほど必要XPと待ち時間が重くなる。","XPが入る注文・列車・建築を並行し、納屋を詰まらせない。市場・商人で不足品の待ち時間を減らし、Lv60到達時点で残日数を見てLv70へ進むか判断する。",true,2026-08-29,,
きのこ伝説,assets/game-art/kinoko-original.png,指定条件クリア,"Lv100実例9〜10日／Lv110 19〜21日／Lv120 29日","普通〜やや難（Lv125は高難度）","ランプを消費して装備を更新し、放置収益や試練で育成を進める放置系RPG。ポイ活ではステージ到達・プレイヤーレベル・課金条件を組み合わせたStepUp案件が中心。","ランプの回収と消費を最優先し、放置収益・試練・ルーレットなどの日課を溢れさせない。Lv100到達日と残日数を基準にLv120・125まで続行するか判断する。",true,2026-08-29,,
メメントモリ,assets/game-art/mementomori-new.png.PNG,指定条件クリア,"ランク110実例：22〜38日",普通〜やや難,"放置で育成素材と経験値を集め、5人編成でメインクエストを進めるRPG。ポイ活ではプレイヤーランク到達型のStepUp案件が中心。","主力1体へ育成を集中し、メインクエスト・高速バトル・放置報酬を毎日回収。潜在宝珠を序盤から確保する。",true,2026-08-29,,
ワーキングヒーロー,assets/game-art/working-hero.PNG,指定条件クリア,"序盤1日〜・重いStep40日以上",普通〜高難度,"近未来の職業ヒーローを育成するコマンドRPG。現行ポイ活はランク・PVP・チーム/イベントメダルなど複数Step。","★5ガチャ後はダイヤをAP用に温存し、ランク・PVP・チームメダルを初日から並行。重いStepは残日数で撤退判断。",true,2026-08-29,,
ホワイトアウト・サバイバル,assets/game-art/whiteout-survival-new.png.PNG,指定条件クリア,"Lv23中央値17日・Lv26実例20〜25日",難しい,"極寒世界で大溶鉱炉と街を発展させるサバイバル戦略ゲーム。ポイ活は大溶鉱炉Lv到達のStepUp型が中心。","第2建設枠とアクティブ同盟を早めに使い、大使館・兵舎・研究所など次の前提施設を先回り。建設加速を温存しすぎない。",false,2026-09-01,,
東京ディバンカー,assets/game-art/tokyo-debunker.jpeg,3日間連続ログインボーナス獲得,3日,簡単,"怪異事件を題材にしたストーリー・育成系ゲーム。現在確認できるポイ活案件は3日間連続ログイン型で、重い育成条件ではなく短期達成を狙いやすい。","初回起動後に案件の判定中・挑戦中表示を確認し、3日間ログインを切らさない。開始時の条件とポイント数は保存しておく。",true,2026-09-04,,
パズル＆サバイバル,assets/game-art/puzzles-survival.png,StepUpミッション,"主要Stepは30日以内・一部5日以内",普通〜高難度,"マッチ3パズルと拠点建設を組み合わせたストラテジーゲーム。現行案件はコントロールセンター到達、英雄育成、各種購入を含むStepUp型が中心。","序盤から建設を止めず、活発なギルドに入り、資源と加速をCC育成へ集中。一部の短期限Stepと課金Stepは開始前に確認する。",false,2026-09-04,,
キングショット,assets/game-art/kingshot-new.png.PNG,StepUpミッション,"Stepにより10〜70日",普通〜高難度,"中世を舞台に拠点と役場を発展させる戦略シミュレーション×放置サバイバルゲーム。現行案件は役場レベル到達・課金・黄金レベル到達を組み合わせたStepUp型。","建設を止めず、早い段階で活発な同盟へ加入。資源採集と建設加速を切らさず、後半Stepは残日数と必要資源を見て続行判断する。",false,2026-09-04,,
放置少女,assets/game-art/houchishojo.png,45日以内にプレイヤーレベル120到達,"2026年実例15〜24日／期限45日",簡単〜普通,"三国志世界を題材にした放置系RPG。ポイ活ではプレイヤーレベル120（1転生Lv20）到達型が中心で、放置経験値と高速放置の積み重ねが重要。","初日にメイン戦場を進め、主力副将へ育成を集中。放置報酬と高速放置を毎日回収し、後半は残日数とレベル上昇ペースを確認する。",true,2026-09-04,,
エバーテイル,assets/game-art/evertale-new.png.PNG,3日間連続ログインボーナス獲得,3日,簡単,"モンスター育成・ターン制バトル・ストーリーを楽しむRPG。現行ポイ活では3日連続ログインボーナス型があり、深い育成より広告計測と連続ログインの維持が重要。","案件リンクから1時間以内に初回起動し、チュートリアル後にDay1ボーナスを受取。判定中を確認し、Day2・Day3もログインボーナス受取まで確認する。",true,2026-09-04,,
ATLAS: EARTH,assets/game-art/atlas-earth.PNG,StepUpミッション,"30日StepUp／無課金実例14日で土地6個","普通〜高難度（課金有無で差大）","仮想土地を100ABずつ購入し、広告・Atlas Arcade・ログイン報酬・課金Stepなどで土地数を増やす位置情報系ゲーム。2026年の公開プレイヤー進捗では、無課金と課金で到達速度に大きな差があります。","最初は土地3個まで進めて無料AB導線を開放。広告だけに頼らずAtlas Arcade等も併用し、課金Stepは受取ポイント−実支出で黒字額を計算する。",false,2026-09-12,23900,COINCOME
ファミリーファームの冒険,assets/game-art/family-farm-adventure.PNG,StepUpミッション,"Lv26実例7〜16日／Lv30実例9〜24日／Lv40未達例20日Lv35","普通〜高難度（Lv40は高難度）","農場の生産・掲示板注文・イベント探索を組み合わせてレベルを上げるシミュレーションゲーム。2026年の公開記録ではLv26・30の完走例が複数ある一方、Lv40は期限20日で未達の例もあります。","序盤は冒険・イベント経験値を取り、Lv20台は掲示板注文を主軸にする。探索ポイントを上げすぎず、ヤギミルク・ハチミツなど不足素材が重なる注文は抱え込まない。",false,2026-09-12,2594,COINCOME
クロンダイクの冒険,assets/game-art/klondike-adventures.PNG,StepUpミッション,"Lv20実例6〜13日／Lv22実例8〜18日／Lv24実例10〜12日／Lv40実例約45日","普通〜高難度（Lv40は高難度）","農場・工場・探索を進めながら注文ボードで経験値を稼ぐシミュレーションゲーム。現行StepUpではLv5・9・20・30・40と課金条件を確認。Lv40は2026年の公開記録で約45日の例があります。","パン・乳製品を止めず、注文ボードの動画注文を最優先。作れない重い注文は更新し、船・イベントは経験値と素材回収の補助に使う。Lv40はLv41判定の口コミにも注意。",false,2026-09-12,1833,COINCOME
Merge Help: ホームデザインパズル,assets/game-art/merge-help.PNG,StepUpミッション,"Lv10実例4日／Lv20実例11日／Lv28実例22日／期限30日","普通〜やや難","同じアイテムをマージして注文を完成させ、コインで家を修復して経験値を得る平面マージゲーム。現行StepUpでは30日以内にLv10・20・28と課金条件を確認。","注文→コイン→修復→XPを止めず、四季盛ジェネレーターを優先。エネルギーを溢れさせず、ストック機能で盤面を空け、Lv10以降は1日1レベル前後を目安にする。",false,2026-09-12,2730,ワラウ
マジックジグソーパズル,assets/game-art/magic-jigsaw-puzzles.PNG,指定コイン獲得,"7,000コイン実例9日／11,000コイン実例4〜7日／15,000コイン期限22日","簡単〜普通（広告視聴時間が必要）","ジグソーパズルを解きながら広告・ミッション・イベント報酬でコインを集めるパズルゲーム。2026年の公開記録では7,000コインを9日、過去記録では11,000コインを4〜7日で達成した例があります。","35〜70ピースの短いパズルを完成し、エキストラボーナス広告を主軸にコインを回収。必要コイン÷残日数で日割りし、ミッション・成果報酬も取り切る。",false,2026-09-12,1120,COINCOME
マフィア・シティ-極道風雲,,別荘Lv.25到達＋初回豪華特権購入,"実例8〜25日／Powl目安25日",普通〜高難度,"マフィアをテーマにした都市育成ストラテジー。別荘と前提施設を上げて勢力を拡大する。","活発な組織に入り建設支援を受け、資源と加速を別荘Lv25の前提施設へ集中する。",false,2026-09-17,104000,Powl
Drill & Collect: idle mine dig,,エリア15クリア,"実例4日",普通,"ドリルで資源を掘り加工・販売して採掘拠点を拡張するゲーム。","穴掘りは手動比重が高い。ドリルと加工設備を優先強化し広告ブーストを活用する。",false,2026-09-17,25000,Powl
Travel Match,,レベル2000到達,"期限40日／実到達ペースは公開例不足",高難度,"世界旅行をテーマにしたマッチ3パズル。ステージを連続クリアしてレベルを進める。","ブースターを難所まで温存し、イベントとデイリー報酬でライフ・コインを補う。",false,2026-09-17,24041,Powl
フード＆トラベル：合成ゲーム,,レベル40到達＋課金Step,"実例16〜19日／別例9日Lv28",普通〜高難度,"食材や道具をマージし注文を納品してレストランを改装するマージゲーム。","注文でコインを稼ぎイベント報酬を回収。自動生成スポナーは早くマージしすぎない。",false,2026-09-17,20263,Powl
Sweets Drop Match,,スコア30000到達,"案件目安30分／実到達記録は公開例不足",高難度,"同じフルーツを合成して高スコアを狙うドロップ型パズル。","小さいフルーツを早めに整理し大きいフルーツを端へ寄せ、盤面上部の余白を守る。",false,2026-09-17,17040,Powl
