offerKey,game,site,provider,reward,condition,platform,type,deadline,updatedAt,url,sourceUrl,verified
ATLAS: EARTH|coincome|iOS|https://cimcome.jp/campaigns/details/9663,ATLAS: EARTH,coincome,,8620,新規アプリインストール後、30日以内にStepUpミッション（初回起動、土地1/2/3/5/10/20/50個購入、100/315/900 Atlas bucks購入）を達成,iOS,StepUp,インストール後30日以内,2026-09-28,https://cimcome.jp/campaigns/details/9663,https://cimcome.jp/campaigns/details/9663,true
Merge Help: ホームデザインパズル|warau|Android|https://www.warau.jp/contents/point/pointEntrance.php?point_id=207045&pl=pc_categoryService,Merge Help: ホームデザインパズル,warau,,4740,ポイント獲得条件 ■獲得条件 新規アプリインストール後、StepUpミッションの各達成条件をクリア ※達成期限は各達成条件によって異なります。また、すべてインストール日から起算した期日となります。 ※ポイント通帳の判定状態に「判定中」の記載がない場合は、ポイント対象外となります。必ず記載があることを確認した上で、アプリを進めてください。 ※「ポイントを貯める」をタップした後、1時間以内にアプリを起動をしてください。また、他のアプリの起動やサイトの閲覧はしないでください。 ※アプリを起動するまで、通信環境を変更しないでください。（モバイル回線やWi-Fiの切り替えも含む） ■獲得対象外 ポイント通帳の判定状態に「判定中」と表示されない場合 広告主が不正や重複した利用と判断した場合 以下のいずれかに該当し、新規インストールと認められない場合 過去に本アプリをインストールしている アプリを削除して再インストールしている 同一WIFI、同一IP、同一端末で本アプリをインストールしている 別の端末にデータを引き継いでアプリを利用している 以下のいずれかに該当し、ご利用情報が正しくトラッキングされていない場合 「ポイントを貯める」をタップしてから1時間以内にアプリを起動していない、またはその間に通信環境の変更、他のアプリ起動やサイト閲覧している オフライン、公共WiFiなどでアプリを利用している 日本国内以外からのアクセス、または日本国外のIPでアプリを利用している 広告ブロッカー（アドブロック機能）を利用している 端末の「広告ID」を削除またはリセットしている ■注意事項 ポイント通帳へは各Step達成ごとの獲得ptが追加されます。 獲得条件やポイント数が変更される場合がございますが、インストール時の条件が適用されます。 ストア（サイト）に遷移しない場合は、端末のOSを最新のものにアップデートして再度お試しください。 条件達成後、ポイント付与までに最大24時間かかります。 キャンペーンは予告なく変更・終了する場合がございます。 直接広告主へワラウポイントについて問い合わせする事は、いかなる場合でも禁止されています。 ■あんしん保証制度 この広告は、ポイント通帳の判定状態に「判定中」の記載がある場合、 あんしん保証制度 の対象となります。以下の保証対象に該当する場合は、期限内に保証申請フォームからステップ（Step）ごとにお手続きをお願いいたします。 【保証対象と申請期限】 判定期間保証 申請期限：インストール日から起算して50日以内 【申請に必要な情報】 お手続きをスムーズに進めるため、以下の情報をご用意ください。 『累計課金〇〇円/一括で〇〇円課金』の場合 キャプチャ：課金内容が確認できる購入履歴画面 ［Google Play ストア］⇒ 画面右上［アカウント］アイコン ⇒［お支払いと定期購入］⇒［予算と履歴画面］ キャプチャ：ゲーム内のプロフィール画面 ［アプリを起動］⇒［ホーム画面］⇒左上アイコンタップ⇒IDがわかる［プロフィール画面］ テキスト：テキスト：デバイスID（GAID） 「adjust Insights」を起動→表示された「Google Advertising ID」を記載 ※詳しい確認方法は デバイスIDの確認方法を知りたい をご確認ください。 『プレイヤーレベル○○到達』の場合 キャプチャ：プレイヤーレベルが確認できるプレイ画面 ［アプリを起動］⇒［ホーム画面］⇒［プレイ画面］ キャプチャ：ゲーム内のプロフィール画面 ［アプリを起動］⇒［ホーム画面］⇒左上アイコンタップ⇒IDがわかる［プロフィール画面］ テキスト：テキスト：デバイスID（GAID） 「adjust Insights」を起動→表示された「Google Advertising ID」を記載 ※詳しい確認方法は デバイスIDの確認方法を知りたい をご確認ください。 ※申請に必要な情報は変更される場合があります。必ず申請フォームで最新情報をご確認ください。 ※保証完了まで、該当アプリを削除しないでください。 ※ポイント獲得条件について不明点がある場合は、ワラウの カスタマーサービス にお問い合わせをお願いいたします。 / 4日以内にプレイヤーレベル9到達 / 14日以内にプレイヤーレベル19到達 / 24日以内にプレイヤーレベル29到達 / 30日以内にプレイヤーレベル39到達 / 7日以内に一括で350円の課金 / 30日以内に累計課金（$10）1800円 / 30日以内に累計課金（$20）3600円 / 30日以内に累計課金（$40）7100円,Android,StepUp,インストール日から起算して4日／14日／24日／30日／7日以内（ステップ別）,2026-09-29,https://www.warau.jp/contents/point/pointEntrance.php?point_id=207045&pl=pc_categoryService,https://www.warau.jp/contents/point/pointEntrance.php?point_id=207045&pl=pc_categoryService,true
Township|chobirich|Android|https://www.chobirich.com/ad_details/1894712,Township,chobirich,,31030,60日以内にレベル5到達 / 60日以内にレベル11到達 / 60日以内にレベル20到達 / 60日以内にレベル35到達 / 60日以内にレベル45到達 / 60日以内にレベル51到達 / 60日以内にレベル60到達 / 60日以内にレベル70到達 / 60日以内に初回課金,Android,StepUp,インストール日から起算して60日以内,2026-09-08,https://www.chobirich.com/ad_details/1894712,https://www.chobirich.com/ad_details/1894712,true
Township|warau|Android|https://www.warau.jp/contents/point/pointEntrance.php?point_id=204645,Township,warau,,21670,ポイント獲得条件 ■獲得条件 新規アプリインストール後、インストール日から起算して60日以内にStepUpミッションの各達成条件をクリア ※ポイント通帳の判定状態に「判定中」の記載がない場合は、ポイント対象外となります。必ず記載があることを確認した上で、アプリを進めてください。 ※「ポイントを貯める」をタップした後、1時間以内にアプリを起動をしてください。また、他のアプリの起動やサイトの閲覧はしないでください。 ※アプリを起動するまで、通信環境を変更しないでください。（モバイル回線やWi-Fiの切り替えも含む） ■獲得対象外 ポイント通帳の判定状態に「判定中」と表示されない場合 広告主が不正や重複した利用と判断した場合 以下のいずれかに該当し、新規インストールと認められない場合 過去に本アプリをインストールしている アプリを削除して再インストールしている 同一WIFI、同一IP、同一端末で本アプリをインストールしている 別の端末にデータを引き継いでアプリを利用している 以下のいずれかに該当し、ご利用情報が正しくトラッキングされていない場合 「ポイントを貯める」をタップしてから1時間以内にアプリを起動していない、またはその間に通信環境の変更、他のアプリ起動やサイト閲覧している オフライン、公共WiFiなどでアプリを利用している 日本国内以外からのアクセス、または日本国外のIPでアプリを利用している 広告ブロッカー（アドブロック機能）を利用している 端末の「広告ID」を削除またはリセットしている ■注意事項 ポイント通帳には、各Step達成ごとに獲得ポイントが記載されます。 広告ご利用中に、獲得条件やポイント数が変更される可能性がございますが、アプリをインストール時の条件が適用されます。 アプリストアやサイトに遷移しない場合は、端末のOSを最新のものにアップデートしていただき、再度お試しください。 ワラウポイントに関するお問い合わせは、いかなる場合でも直接広告主および関連会社へご連絡する事は、禁止されています。 ■あんしん保証制度 この広告は、ポイント通帳の判定状態に「判定中」の記載がある場合、 あんしん保証制度 の対象となります。以下の保証対象に該当する場合は、期限内に保証申請フォームからステップ（Step）ごとにお手続きをお願いいたします。 【保証対象と申請期限】 判定期間保証 申請期限：インストール日から起算して80日以内 【申請に必要な情報】 お手続きをスムーズに進めるため、以下の情報をご用意ください。 『レベル〇〇到達』の場合 キャプチャ：到達したレベルが確認できるアプリホーム画面 ［アプリを起動］⇒［ホーム画面］ キャプチャ：ゲーム内のUIDが確認できる「ゲームについて」画面 ［アプリを起動］⇒［ホーム画面］右上の三本線をタップ⇒歯車マークをタップ⇒［設定画面］のiをタップ⇒［ゲームについて画面］ テキスト：ゲーム内のUID ［アプリを起動］⇒［ホーム画面］右上の三本線をタップ⇒歯車マークをタップ⇒［設定画面］のiをタップ⇒［ゲームについて画面］に記載の［UID］ 『初回課金』の場合 キャプチャ：課金内容が確認できる購入履歴画面 ［Google Play ストア］⇒ 画面右上［アカウント］アイコン ⇒［お支払いと定期購入］⇒［予算と履歴画面］ キャプチャ：ゲーム内のUIDが確認できる「ゲームについて」画面 ［アプリを起動］⇒［ホーム画面］右上の三本線をタップ⇒歯車マークをタップ⇒［設定画面］のiをタップ⇒［ゲームについて画面］ テキスト：ゲーム内のUID ［アプリを起動］⇒［ホーム画面］右上の三本線をタップ⇒歯車マークをタップ⇒［設定画面］のiをタップ⇒［ゲームについて画面］に記載の［UID］ ※申請に必要な情報は変更される場合があります。必ず申請フォームで最新情報をご確認ください。 ※保証完了まで、該当アプリを削除しないでください。 ※ポイント獲得条件について不明点がある場合は、ワラウの カスタマーサービス にお問い合わせをお願いいたします。 / レベル5到達 / レベル11到達 / レベル20到達 / レベル35到達 / レベル45到達 / 【高難易度】レベル51到達 / 【高難易度】レベル60到達 / 【高難易度】レベル70到達 / 初回課金,Android,StepUp,インストール日から起算して60日以内,2026-09-29,https://www.warau.jp/contents/point/pointEntrance.php?point_id=204645,https://www.warau.jp/contents/point/pointEntrance.php?point_id=204645,true
Township|warau|iOS|https://www.warau.jp/contents/point/pointEntrance.php?point_id=204643,Township,warau,,16760,新規アプリインストール後、インストール日から起算して60日以内にStepUpミッション（レベル5到達、レベル11到達、レベル20到達、レベル35到達、レベル45到達、レベル51到達、レベル60到達、レベル70到達、初回課金）をクリア,iOS,StepUp,インストール日から起算して60日以内,2026-09-10,https://www.warau.jp/contents/point/pointEntrance.php?point_id=204643,https://www.warau.jp/contents/point/pointEntrance.php?point_id=204643,true
Township|warau|iOS|https://www.warau.jp/contents/point/pointEntrance.php?point_id=207049&pl=pc_categoryService,Township,warau,,18100,ポイント獲得条件 ■獲得条件 新規アプリインストール後、インストール日から起算して60日以内にStepUpミッションの各達成条件をクリア ※ポイント通帳の判定状態に「判定中」の記載がない場合は、ポイント対象外となります。必ず記載があることを確認した上で、アプリを進めてください。 ※「ポイントを貯める」をタップした後、1時間以内にアプリを起動をしてください。また、他のアプリの起動やサイトの閲覧はしないでください。 ※アプリを起動するまで、通信環境を変更しないでください。（モバイル回線やWi-Fiの切り替えも含む） ■獲得対象外 ポイント通帳の判定状態に「判定中」と表示されない場合 広告主が不正や重複した利用と判断した場合 以下のいずれかに該当し、新規インストールと認められない場合 過去に本アプリをインストールしている アプリを削除して再インストールしている 同一WIFI、同一IP、同一端末で本アプリをインストールしている 別の端末にデータを引き継いでアプリを利用している 以下のいずれかに該当し、ご利用情報が正しくトラッキングされていない場合 「ポイントを貯める」をタップしてから1時間以内にアプリを起動していない、またはその間に通信環境の変更、他のアプリ起動やサイト閲覧している オフライン、公共WiFiなどでアプリを利用している 日本国内以外からのアクセス、または日本国外のIPでアプリを利用している 広告ブロッカー（アドブロック機能）を利用している 端末の「広告ID」を削除またはリセットしている Safariにデフォルトで入ってる「サイト越えトラッキングを防ぐ」が【ON】になっている アプリ起動時に「Appにトラッキングしないように要求」をタップした 端末の「Appからのトラッキング要求を許可」設定が【OFF】になっている、もしくは「追跡型広告を制限」設定が【ON】になっている ■注意事項 ポイント通帳には、各Step達成ごとに獲得ポイントが記載されます。 広告ご利用中に、獲得条件やポイント数が変更される可能性がございますが、アプリをインストール時の条件が適用されます。 アプリストアやサイトに遷移しない場合は、端末のOSを最新のものにアップデートしていただき、再度お試しください。 ワラウポイントに関するお問い合わせは、いかなる場合でも直接広告主および関連会社へご連絡する事は、禁止されています。 ■あんしん保証制度 この広告は、ポイント通帳の判定状態に「判定中」の記載がある場合、 あんしん保証制度 の対象となります。以下の保証対象に該当する場合は、期限内に保証申請フォームからステップ（Step）ごとにお手続きをお願いいたします。 【保証対象と申請期限】 判定期間保証 申請期限：インストール日から起算して80日以内 【申請に必要な情報】 お手続きをスムーズに進めるため、以下の情報をご用意ください。 『レベル〇〇到達』の場合 キャプチャ：到達したレベルが確認できるアプリホーム画面 ［アプリを起動］⇒［ホーム画面］ キャプチャ：ゲーム内のUIDが確認できる「ゲームについて」画面 ［アプリを起動］⇒［ホーム画面］右上の三本線をタップ⇒歯車マークをタップ⇒［設定画面］のiをタップ⇒［ゲームについて画面］ テキスト：ゲーム内のUID ［アプリを起動］⇒［ホーム画面］右上の三本線をタップ⇒歯車マークをタップ⇒［設定画面］のiをタップ⇒［ゲームについて画面］に記載の［UID］ 『累計$〇〇(〇〇円)以上の購入』の場合 キャプチャ：課金内容が確認できる購入履歴画面 ［App Store］⇒ 画面右上［アカウント］アイコン ⇒［自分の名前］⇒［購入履歴］⇒ 検索窓からアプリ名を検索 ⇒［購入履歴画面］ キャプチャ：ゲーム内のUIDが確認できる「ゲームについて」画面 ［アプリを起動］⇒［ホーム画面］右上の三本線をタップ⇒歯車マークをタップ⇒［設定画面］のiをタップ⇒［ゲームについて画面］ テキスト：ゲーム内のUID ［アプリを起動］⇒［ホーム画面］右上の三本線をタップ⇒歯車マークをタップ⇒［設定画面］のiをタップ⇒［ゲームについて画面］に記載の［UID］ ※申請に必要な情報は変更される場合があります。必ず申請フォームで最新情報をご確認ください。 ※保証完了まで、該当アプリを削除しないでください。 ※ポイント獲得条件について不明点がある場合は、ワラウの カスタマーサービス にお問い合わせをお願いいたします。 / レベル5到達 / レベル11到達 / レベル20到達 / レベル35到達 / レベル45到達 / 【高難易度】レベル51到達 / 【高難易度】レベル60到達 / 【高難易度】レベル70到達 / 【高難易度】レベル81到達 / 累計$5(800円)以上の購入 / 累計$15(2380円)以上の購入 / 累計$30(4750円)以上の購入 / 累計$50(7950円)以上の購入,iOS,StepUp,インストール日から起算して60日以内,2026-09-29,https://www.warau.jp/contents/point/pointEntrance.php?point_id=207049&pl=pc_categoryService,https://www.warau.jp/contents/point/pointEntrance.php?point_id=207049&pl=pc_categoryService,true
きのこ伝説|chobirich|Android|https://www.chobirich.com/ad_details/1883822,きのこ伝説,chobirich,,3831,新規アプリインストール後、【StepUpミッション!!】クリア（ステージ困難1-10クリア、ステージ終末Ⅳ10-10クリア、一括800円課金、プレイヤーレベル110到達、一括1600円課金、プレイヤーレベル120到達）,Android,StepUp,インストール日から起算して30日以内,2026-09-08,https://www.chobirich.com/ad_details/1883822,https://www.chobirich.com/ad_details/1883822,true
きのこ伝説|chobirich|Android|https://www.chobirich.com/ad_details/1896200,きのこ伝説,chobirich,,17880,新規アプリインストール後、各ステップクリア（ステージ普通2-8クリア、月パス購入、ステージ普通5-10クリア、一括1600円課金、ステージ困難1-10クリア、ステージ終末Ⅳ10-10クリア、終身パス購入、プレイヤーレベル100到達、一括3200円課金、プレイヤーレベル120到達、プレイヤーレベル125到達）,Android,StepUp,最大45日以内（ステップにより異なる）,2026-09-08,https://www.chobirich.com/ad_details/1896200,https://www.chobirich.com/ad_details/1896200,true
きのこ伝説|chobirich|Android|https://www.chobirich.com/ad_details/1896275,きのこ伝説,chobirich,,13409,新規アプリインストール後、各ステップクリア（ステージ普通2-8クリア、ステージ普通5-10クリア、ステージ困難1-10クリア、ステージ終末IV10-10クリア、プレイヤーレベル100到達、プレイヤーレベル120到達、プレイヤーレベル125到達、月パス購入、一括1600円課金、終身パス購入、一括3200円課金）,Android,StepUp,最大45日以内（ステップにより異なる）,2026-09-08,https://www.chobirich.com/ad_details/1896275,https://www.chobirich.com/ad_details/1896275,true
きのこ伝説|hapitas|Android|https://hapitas.jp/item/detail/itemid/102451,きのこ伝説,hapitas,,16346,新規アプリインストール後、StepUp（普通2-8/5-10・困難1-10・終末Ⅳ10-10クリア、月パス/終身パス購入、1600円/3200円課金、Lv100/120/125到達）を達成,Android,StepUp,Step1〜9は30日以内・Lv120は40日以内・Lv125は45日以内,2026-09-24,https://hapitas.jp/item/detail/itemid/102451,https://hapitas.jp/item/detail/itemid/102451,true
きのこ伝説|hapitas|iOS|https://hapitas.jp/item/detail/itemid/102450,きのこ伝説,hapitas,,20047,新規アプリインストール後、StepUp（普通2-8/5-10・困難1-10・終末Ⅳ10-10クリア、月パス/終身パス購入、1600円/3200円課金、Lv100/120/125到達）を達成,iOS,StepUp,Step1〜9は30日以内・Lv120は40日以内・Lv125は45日以内,2026-09-24,https://hapitas.jp/item/detail/itemid/102450,https://hapitas.jp/item/detail/itemid/102450,true
きのこ伝説|warau|Android|https://www.warau.jp/contents/point/pointEntrance.php?point_id=205817,きのこ伝説,warau,,18800,新規インストール後、課金を含む11ステップを達成。30日以内：ステージ普通2-8クリア、月パス購入（ダイヤ以外）、ステージ普通5-10クリア、一括1600円課金、ステージ困難1-10クリア、ステージ終末IV10-10クリア、終身パス購入（ダイヤ以外）、プレイヤーレベル100到達、レベル100到達後に一括3200円課金。40日以内：プレイヤーレベル120到達。45日以内：プレイヤーレベル125到達。期限はインストール日から起算。,Android,StepUp,インストール日から起算して30日／40日／45日以内（ステップ別）,2026-09-10,https://www.warau.jp/contents/point/pointEntrance.php?point_id=205817,https://www.warau.jp/contents/point/pointEntrance.php?point_id=205817,true
きのこ伝説|warau|iOS|https://www.warau.jp/contents/point/pointEntrance.php?point_id=205816,きのこ伝説,warau,,22000,新規インストール後、課金を含む11ステップを達成。30日以内：ステージ普通2-8クリア、月パス購入（ダイヤ以外）、ステージ普通5-10クリア、一括1600円課金、ステージ困難1-10クリア、ステージ終末IV10-10クリア、終身パス購入（ダイヤ以外）、プレイヤーレベル100到達、レベル100到達後に一括3200円課金。40日以内：プレイヤーレベル120到達。45日以内：プレイヤーレベル125到達。期限はインストール日から起算。,iOS,StepUp,インストール日から起算して30日／40日／45日以内（ステップ別）,2026-09-10,https://www.warau.jp/contents/point/pointEntrance.php?point_id=205816,https://www.warau.jp/contents/point/pointEntrance.php?point_id=205816,true
エバーテイル|hapitas|Android|https://hapitas.jp/item/detail/itemid/91331,エバーテイル,hapitas,,182,新規アプリインストール後、3日間連続でログインボーナスを獲得,Android,通常,インストール日から起算して30日以内,2026-09-28,https://hapitas.jp/item/detail/itemid/91331,https://hapitas.jp/item/detail/itemid/91331,true
エバーテイル|hapitas|Android|https://hapitas.jp/item/detail/itemid/91343,エバーテイル,hapitas,,140,新規アプリインストール後、3日間連続でログインボーナスを獲得,Android,通常,広告クリック当日を1日目として10日以内,2026-09-28,https://hapitas.jp/item/detail/itemid/91343,https://hapitas.jp/item/detail/itemid/91343,true
エバーテイル|hapitas|iOS|https://hapitas.jp/item/detail/itemid/91344,エバーテイル,hapitas,,140,新規アプリインストール後、3日間連続でログインボーナスを獲得,iOS,通常,広告クリック当日を1日目として10日以内,2026-09-28,https://hapitas.jp/item/detail/itemid/91344,https://hapitas.jp/item/detail/itemid/91344,true
エバーテイル|hapitas|iOS|https://hapitas.jp/item/detail/itemid/91345,エバーテイル,hapitas,,182,新規アプリインストール後、3日間連続でログインボーナスを獲得,iOS,通常,インストール日から起算して30日以内,2026-09-28,https://hapitas.jp/item/detail/itemid/91345,https://hapitas.jp/item/detail/itemid/91345,true
エバーテイル|moppy|不明|https://pc.moppy.jp/ad/detail.php?site_id=158275,エバーテイル,moppy,,360,新規アプリインストール後、3日連続でログインボーナスを獲得,不明,通常,広告クリック当日を1日目として10日以内,2026-09-28,https://pc.moppy.jp/ad/detail.php?site_id=158275,https://pc.moppy.jp/ad/detail.php?site_id=158275,true
エバーテイル|moppy|不明|https://pc.moppy.jp/ad/detail.php?site_id=158276,エバーテイル,moppy,,360,新規アプリインストール後、3日連続でログインボーナスを獲得,不明,通常,広告クリック当日を1日目として10日以内,2026-09-28,https://pc.moppy.jp/ad/detail.php?site_id=158276,https://pc.moppy.jp/ad/detail.php?site_id=158276,true
エバーテイル|point_income|Android|https://sp.pointi.jp/ad/149940/,エバーテイル,point_income,,250,アプリインストール＋起動→承認待ち反映後、10日以内に3日連続でログインボーナス獲得,Android,通常,承認待ち反映後、10日以内,2026-09-26,https://sp.pointi.jp/ad/149940/,https://sp.pointi.jp/ad/149940/,true
エバーテイル|point_income|iOS|https://sp.pointi.jp/ad/149938/,エバーテイル,point_income,,250,アプリインストール＋起動→承認待ち反映後、10日以内に3日連続でログインボーナス獲得,iOS,通常,承認待ち反映後、10日以内,2026-09-26,https://sp.pointi.jp/ad/149938/,https://sp.pointi.jp/ad/149938/,true
エバーテイル|warau|iOS|https://www.warau.jp/contents/point/pointEntrance.php?point_id=188016,エバーテイル,warau,,310,新規アプリインストール後、3日連続ログインボーナス獲得,iOS,通常,インストール日から起算して10日以内,2026-09-08,https://www.warau.jp/contents/point/pointEntrance.php?point_id=188016,https://www.warau.jp/contents/point/pointEntrance.php?point_id=188016,true
キングショット|coincome|iOS|https://cimcome.jp/campaigns/details/10267,キングショット,coincome,,20965,"※上限到達による早期終了可能性あり / 終了している場合は翌日0時に再開されます 《キングショット》中世を舞台にした戦略シミュレーション×放置サバイバルゲーム！ユニークで奥深いゲーム性を楽しもう！ 突如として起こった反乱、王朝の混乱、絶え間ない戦火が人々の日常を奪う… 社会の崩壊、反乱軍の侵攻、疫病の流行、物資を狙う暴徒…数多の困難に苦しむ人々は、文明の火種を守り抜けるのか？ ■獲得可能Pt数 STEP数に対してCIMポイントをGET！ 最大20,965円相当！ ■STEP STEP1. 10日以内に役場レベル4に到達で【40円】 STEP2. 10日以内に役場レベル8に到達で【48円】 STEP3. 30日以内に800円以上1600円未満の一括課金で【805円】 STEP4. 10日以内に役場レベル16に到達で【325円】 STEP5. 30日以内に1600円以上3200円未満の一括課金で【1,300円】 STEP6. 10日以内に役場レベル20に到達で【815円】 STEP7. 30日以内に役場レベル24に到達で【982円】 STEP8. 30日以内に3200円以上一括課金（役場レベル24に到達後課金で成果）で【3,300円】 STEP9. 30日以内に役場レベル28に到達で【4,150円】 STEP10. 30日以内に5000円以上一括課金（役場レベル28に到達後課金で成果）で【4,600円】 STEP11. 35日以内に役場レベル30に到達で【4,600円】 ▼成果調査に関して以下情報のご提示をお願いいたします。 ・アプリインストール日 ・step毎の条件達成日 ・達成した条件 ・条件を達成したことが確認できるキャプチャ ・アプリTOP画面のキャプチャ ・マイページまたは、ユーザーIDが確認できるキャプチャ ・OS（iOS／Android） ・ユーザーID（キャプチャ・テキスト） ユーザーIDが確認できない場合、下記の情報が必要になります。 ・IDFA（端末ID） ※端末IDの確認方法 ①下記アプリをインストールし、「IDFA(デバイスID)」を確認してください。 https://apps.apple.com/jp/app/adjust-insights/id1125517808 ②数字が全て0になる場合→設定→プライバシー→トラッキングの画面で、「adjust Insights」を許可にして確認してください。 ※広告主様に直接ご連絡された場合、ポイント付与の対象外となります。内容により退会処理とさせていただく場合がございます。 ※成果調査に必要な情報は変更される場合がございます。お問い合わせの際は概要欄にて必要情報のご確認をお願いいたします。 ※成果調査に必要な情報に関して、ご提示いただけない場合は調査ができかねます。 ※頂いた情報とお問い合わせ内容が一致していない場合は、対応が遅れる場合があります。 ※本案件は広告主側で調査が必要なため、1ヶ月以上お待たせする場合がございます。 適用端末 SP Tablet キャッシュバック条件 承認条件 新規アプリインストール後、【StepUpミッション】クリアで成果となります。 各Step毎に達成期限がございますのでご注意ください ■StepUpミッション -------------------- 新規インストール後、 -------------------- ①：10日以内に役場レベル4に到達 ※到達目安：2時間 ②：10日以内に役場レベル8に到達 ※到達目安：12時間 ③：30日以内に800円以上1600円未満の一括課金 ※到達目安：即時 ④：10日以内に役場レベル16に到達 ※到達目安：3~5日 ⑤：30日以内に1600円以上3200円未満の一括課金 ※到達目安：即時 ⑥：10日以内に役場レベル20に到達 ※到達目安：7~10日 ⑦：30日以内に役場レベル24に到達 ※到達目安：15日 ⑧：30日以内に3200円以上一括課金（役場レベル24に到達後課金で成果） ※到達目安：15日 ⑨：30日以内に役場レベル28に到達 ※到達目安：30日 ⑩：30日以内に5000円以上一括課金（役場レベル28に到達後課金で成果） ※到達目安：30日 ⑪：35日以内に役場レベル30に到達 ※到達目安：30~35日 -------------------- ※「サービスを利用する」ボタンをタップしてから必ず1時間以内にアプリ初回起動をしてください。1時間以上かかる場合は、アプリ初回起動前に再度COINCOME経由で「サービスを利用する」ボタンをタップしてください。 ※複数端末のデータ引き継ぐにより計測ができなくなります。新規インストールした端末を使って条件到達してください。 否認条件 ・インストール日から（当日を1日目とし）各成果地点に設定された期限内に条件達成できない場合 ・広告クリックから1時間以内に初回起動まで完了しなかった場合 ・過去にアプリをインストールしたことがある方 ※同アプリにて複数キャンペーンがある場合は初回にインストールされたキャンペーンが適用されます ※2つ目のキャンペーンは参加不可になります ・過去に「承認条件」を到達したことがある方 ・過去に同一アプリでキャンペーン参加したことがある場合（他ポイントサイトや別OS・別端末を含む） ・他端末での同一IPからのインストール（1IP1端末目のみ対象） ・インストール前後に、SNS等で動画視聴をした場合 ・インストール中に他の操作を行った場合 ・新規インストールした端末に別のデータを引き継いで条件到達した場合 ・新規インストールした端末とは別の端末にデータを引き継いで条件到達した場合 ・新規インストール→一度アプリアンインストール→再インストールして条件到達した場合 ・広告クリックから成果に至るまで、同一の標準ブラウザ内で遷移されていない場合 ・回線が不安定な状態でインストールした場合 ・端末の「追跡型広告を制限」設定がONになっている場合、または「Do Not Track」設定がONになっている場合 ・端末の「Appからのトラッキング要求を許可」設定がOFFになっている場合 ・遷移先のアプリにて『追跡する許可を求めています』に許可していない場合 ・アドブロック（広告ブロック）を使用されている場合 ・ご利用端末で広告ID、GAID、IDFAがない場合。また、ない状態から新たに取得された場合 ・公共WiFiをご利用しインストールまたは成果地点に到達した場合 ・日本国内以外からのアクセスまたは日本国以外のIPを利用したアクセス ・インストールが他の広告成果としてみなされている場合 ・重複インストールや既にインストール済の方 ・承認までアンインストール ・エミュレータでご参加された場合 ・リセットマラソンやアカウント引き継ぎなどの行為により到達時間が短い成果 ・虚偽、いたずら、その他不正行為と判断された場合はCIMの付与対象外となります。 ※アプリでトラッキングが「OFF」になっていると、達成状況を計測できなくなります。端末の下記設定で変更ができます。 「プライバシー」 ⇒「トラッキング」⇒ 「App からのトラッキング要求を許可」 ※iOS15以降をご利用で、iCloud+ を利用しておりプライベートリレーの設定をONにされている場合、正常に計測できず、成果対象外となることがあります プライベートリレーの機能をOFFにしてからお申し込みください。 ※設定方法：設定>Apple ID>iCloud>プライベートリレー（ベータ版）>スライドボタンOFF ※意図的に広告IDを削除またはリセットを行った場合、不正利用と判断される場合がございますので、削除やリセットはご遠慮くださいますよう、お願いいたします ※成果調査依頼時にアンインストールした場合は調査不可となるので、予めご了承くださいませ。 ・アプリ内バグなどのお問合せを頂く際に広告IDをご提供頂く場合がございます。※ご提供頂けない場合は調査不可となる恐れがございます。 ※インストールから（当日を1日目とし）35日以上経過した問い合わせは成果調査対象外となるので、予めご了承くださいませ。 ※広告主様に直接ご連絡された場合、ポイント付与の対象外となります。内容により退会処理とさせていただく場合がございます。 ※同アプリによるキャンペーン参加は1人1回まで(OSが異なっても1回のみ参加可能) （過去同アプリによるキャンペーンに参加し、別端末で初回インストールした場合も成果対象外）",iOS,StepUp,条件欄の達成期限を参照,2026-09-29,https://cimcome.jp/campaigns/details/10267,https://cimcome.jp/campaigns/details/10267,true
キングショット|moppy|Android|https://pc.moppy.jp/ad/detail.php?site_id=161855,キングショット,moppy,,23367,新規アプリインストール後、40日以内に各成果地点到達でクリア,Android,StepUp,40日以内,2026-09-28,https://pc.moppy.jp/ad/detail.php?site_id=161855,https://pc.moppy.jp/ad/detail.php?site_id=161855,true
キングショット|moppy|iOS|https://pc.moppy.jp/ad/detail.php?site_id=161854,キングショット,moppy,,23367,新規アプリインストール後、40日以内に各成果地点到達でクリア,iOS,StepUp,40日以内,2026-09-28,https://pc.moppy.jp/ad/detail.php?site_id=161854,https://pc.moppy.jp/ad/detail.php?site_id=161854,true
キングショット|warau|Android|https://www.warau.jp/contents/point/pointEntrance.php?point_id=204984,キングショット,warau,,16000,新規アプリインストール後、StepUp（役場レベル4到達・役場レベル8到達・800円以上1600円未満の一括課金・役場レベル16到達・1600円以上3200円未満の一括課金・役場レベル20到達・役場レベル24到達・役場レベル24到達後3200円以上一括課金・役場レベル28到達・黄金レベル1到達）を達成,Android,StepUp,インストール日から起算して10日／30日／70日以内（ステップ別）,2026-09-08,https://www.warau.jp/contents/point/pointEntrance.php?point_id=204984,https://www.warau.jp/contents/point/pointEntrance.php?point_id=204984,true
キングショット|warau|Android|https://www.warau.jp/contents/point/pointEntrance.php?point_id=206610&pl=pc_categoryService,キングショット,warau,,21600,"ポイント獲得条件 ■獲得条件 新規アプリインストール後、StepUpミッションの各達成条件をクリア ※達成期限は各達成条件によって異なります。また、すべてインストール日から起算した期日となります。 ※ポイント通帳の判定状態に「判定中」の記載がない場合は、ポイント対象外となります。必ず記載があることを確認した上で、アプリを進めてください。 ※「ポイントを貯める」をタップした後、1時間以内にアプリを起動してください。また、他のアプリの起動やサイトの閲覧はしないでください。 ※アプリを起動するまで、通信環境を変更しないでください。（モバイル回線やWi-Fiの切り替えも含む） ■獲得対象外 ポイント通帳の判定状態に「判定中」と表示されない場合 広告主が不正や重複した利用と判断した場合 以下のいずれかに該当し、新規インストールと認められない場合 過去に本アプリをインストールしている アプリを削除して再インストールしている 同一WIFI、同一IP、同一端末で本アプリをインストールしている 別の端末にデータを引き継いでアプリを利用している 以下のいずれかに該当し、ご利用情報が正しくトラッキングされていない場合 「ポイントを貯める」をタップしてから1時間以内にアプリを起動していない、またはその間に通信環境の変更、他のアプリ起動やサイト閲覧している オフライン、公共WiFiなどでアプリを利用している 日本国内以外からのアクセス、または日本国外のIPでアプリを利用している 広告ブロッカー（アドブロック機能）を利用している 端末の「広告ID」を削除またはリセットしている ■注意事項 ポイント通帳へは各Step達成ごとの獲得ptが追加されます。 獲得条件やポイント数が変更される場合がございますが、インストール時の条件が適用されます。 ストア（サイト）に遷移しない場合は、端末のOSを最新のものにアップデートして再度お試しください。 条件達成後、ポイント付与までに最大24時間かかります。 キャンペーンは予告なく変更・終了する場合がございます。 直接広告主へワラウポイントについて問い合わせする事は、いかなる場合でも禁止されています。 ■あんしん保証制度 この広告は、ポイント通帳の判定状態に「判定中」の記載がある場合、 あんしん保証制度 の対象となります。以下の保証対象に該当する場合は、期限内に保証申請フォームからステップ（Step）ごとにお手続きをお願いいたします。 【保証対象と申請期限】 判定期間保証 申請期限：インストール日から起算して40日以内 【申請に必要な情報】 お手続きをスムーズに進めるため、以下の情報をご用意ください。 step『役場レベル〇に到達』の場合 テキスト：ゲーム内のユーザーID アプリ起動→画面左上のアイコンをタップ→ID: の後に続く9桁の数字 キャプチャ：アプリTOP画面 アプリ起動→アプリTOP画面 キャプチャ：ゲーム内のユーザーIDを確認できる領主ファイル画面 アプリ起動→画面左上のアイコンをタップ→ユーザーIDを確認できる領主ファイル画面 キャプチャ：現在のレベルを確認できる役場ステータス画面 アプリ起動→マップ中央の役場をタップ→現在のレベルを確認できる役場ステータス画面 テキスト：デバイスID（GAID） 「adjust Insights」を起動→表示された「Google Advertising ID」を記載 ※手順を詳しく確認したい方は、 デバイスIDの確認方法を知りたい をご参照ください step『〇〇課金完了』の場合 テキスト：ゲーム内のユーザーID アプリ起動→画面左上のアイコンをタップ→ID: の後に続く9桁の数字 キャプチャ：アプリTOP画面 アプリ起動→アプリTOP画面 キャプチャ：ゲーム内のユーザーIDを確認できる領主ファイル画面 アプリ起動→画面左上のアイコンをタップ→ユーザーIDを確認できる領主ファイル画面 キャプチャ：Google Playの購入履歴画面 Google Playアプリ起動→右上のアイコンをタップ→お支払いと定期購入をタップ→予算と履歴をタップ→購入履歴画面 テキスト：デバイスID（GAID） 「adjust Insights」を起動→表示された「Google Advertising ID」を記載 ※手順を詳しく確認したい方は、 デバイスIDの確認方法を知りたい をご参照ください step『役場レベル〇に到達後、〇〇課金完了』の場合 テキスト：ゲーム内のユーザーID アプリ起動→画面左上のアイコンをタップ→ID: の後に続く9桁の数字 キャプチャ：アプリTOP画面 アプリ起動→アプリTOP画面 キャプチャ：ゲーム内のユーザーIDを確認できる領主ファイル画面 アプリ起動→画面左上のアイコンをタップ→ユーザーIDを確認できる領主ファイル画面 キャプチャ：現在のレベルを確認できる役場ステータス画面 アプリ起動→マップ中央の役場をタップ→現在のレベルを確認できる役場ステータス画面 キャプチャ：Google Playの購入履歴画面 Google Playアプリ起動→右上のアイコンをタップ→お支払いと定期購入をタップ→予算と履歴をタップ→購入履歴画面 テキスト：デバイスID（GAID） 「adjust Insights」を起動→表示された「Google Advertising ID」を記載 ※手順を詳しく確認したい方は、 デバイスIDの確認方法を知りたい をご参照ください ※申請に必要な情報は変更される場合があります。必ず申請フォームで最新情報をご確認ください。 ※保証完了まで、該当アプリを削除しないでください。 ※ポイント獲得条件について不明点がある場合は、ワラウの カスタマーサービス にお問い合わせをお願いいたします。 / 10日以内に役場レベル4に到達 / 10日以内に役場レベル8に到達 / 30日以内に800円以上1,600円未満の一括課金 / 10日以内に役場レベル16に到達 / 30日以内に1,600円以上3,200円未満の一括課金 / 10日以内に役場レベル20に到達 / 30日以内に役場レベル24に到達 / 30日以内に役場レベル24に到達後、3,200円以上5,000円未満の一括課金 / 30日以内に役場レベル28に到達 / 30日以内に役場レベル28に到達後、5,000円以上一括課金 / 35日以内に役場レベル30に到達",Android,StepUp,インストール日から起算して10日／30日／35日以内（ステップ別）,2026-09-29,https://www.warau.jp/contents/point/pointEntrance.php?point_id=206610&pl=pc_categoryService,https://www.warau.jp/contents/point/pointEntrance.php?point_id=206610&pl=pc_categoryService,true
キングショット|warau|iOS|https://www.warau.jp/contents/point/pointEntrance.php?point_id=204983,キングショット,warau,,16000,新規アプリインストール後、StepUp（役場レベル4到達・役場レベル8到達・800円以上1600円未満の一括課金・役場レベル16到達・1600円以上3200円未満の一括課金・役場レベル20到達・役場レベル24到達・役場レベル24到達後3200円以上一括課金・役場レベル28到達・黄金レベル1到達）を達成,iOS,StepUp,インストール日から起算して10日／30日／70日以内（ステップ別）,2026-09-08,https://www.warau.jp/contents/point/pointEntrance.php?point_id=204983,https://www.warau.jp/contents/point/pointEntrance.php?point_id=204983,true
キングショット|warau|iOS|https://www.warau.jp/contents/point/pointEntrance.php?point_id=206609&pl=pc_categoryService,キングショット,warau,,21600,"ポイント獲得条件 ■獲得条件 新規アプリインストール後、StepUpミッションの各達成条件をクリア ※達成期限は各達成条件によって異なります。また、すべてインストール日から起算した期日となります。 ※ポイント通帳の判定状態に「判定中」の記載がない場合は、ポイント対象外となります。必ず記載があることを確認した上で、アプリを進めてください。 ※「ポイントを貯める」をタップした後、1時間以内にアプリを起動してください。また、他のアプリの起動やサイトの閲覧はしないでください。 ※アプリを起動するまで、通信環境を変更しないでください。（モバイル回線やWi-Fiの切り替えも含む） ■獲得対象外 ポイント通帳の判定状態に「判定中」と表示されない場合 広告主が不正や重複した利用と判断した場合 以下のいずれかに該当し、新規インストールと認められない場合 過去に本アプリをインストールしている アプリを削除して再インストールしている 同一WIFI、同一IP、同一端末で本アプリをインストールしている 別の端末にデータを引き継いでアプリを利用している 以下のいずれかに該当し、ご利用情報が正しくトラッキングされていない場合 「ポイントを貯める」をタップしてから1時間以内にアプリを起動していない、またはその間に通信環境の変更、他のアプリ起動やサイト閲覧している オフライン、公共WiFiなどでアプリを利用している 日本国内以外からのアクセス、または日本国外のIPでアプリを利用している 広告ブロッカー（アドブロック機能）を利用している 端末の「広告ID」を削除またはリセットしている Safariにデフォルトで入っている「サイト越えトラッキングを防ぐ」が【ON】になっている アプリ起動時に「Appにトラッキングしないように要求」をタップした 端末の「Appからのトラッキング要求を許可」設定が【OFF】になっている、もしくは「追跡型広告を制限」設定が【ON】になっている ■注意事項 ポイント通帳へは各Step達成ごとの獲得ptが追加されます。 獲得条件やポイント数が変更される場合がございますが、インストール時の条件が適用されます。 ストア（サイト）に遷移しない場合は、端末のOSを最新のものにアップデートして再度お試しください。 条件達成後、ポイント付与までに最大24時間かかります。 キャンペーンは予告なく変更・終了する場合がございます。 直接広告主へワラウポイントについて問い合わせする事は、いかなる場合でも禁止されています。 ■あんしん保証制度 この広告は、ポイント通帳の判定状態に「判定中」の記載がある場合、 あんしん保証制度 の対象となります。以下の保証対象に該当する場合は、期限内に保証申請フォームからステップ（Step）ごとにお手続きをお願いいたします。 【保証対象と申請期限】 判定期間保証 申請期限：インストール日から起算して40日以内 【申請に必要な情報】 お手続きをスムーズに進めるため、以下の情報をご用意ください。 step『役場レベル〇に到達』の場合 テキスト：ゲーム内のユーザーID アプリ起動→画面左上のアイコンをタップ→ID: の後に続く9桁の数字 キャプチャ：アプリTOP画面 アプリ起動→アプリTOP画面 キャプチャ：ゲーム内のユーザーIDを確認できる領主ファイル画面 アプリ起動→画面左上のアイコンをタップ→ユーザーIDを確認できる領主ファイル画面 キャプチャ：現在のレベルを確認できる役場ステータス画面 アプリ起動→マップ中央の役場をタップ→現在のレベルを確認できる役場ステータス画面 テキスト：デバイスID（IDFA） 「adjust Insights」を起動→表示された「IDFA」を記載 ※IDFAがすべて0で表示される場合や、手順を詳しく確認したい方は、 デバイスIDの確認方法を知りたい をご参照ください step『〇〇課金完了』の場合 テキスト：ゲーム内のユーザーID アプリ起動→画面左上のアイコンをタップ→ID: の後に続く9桁の数字 キャプチャ：アプリTOP画面 アプリ起動→アプリTOP画面 キャプチャ：ゲーム内のユーザーIDを確認できる領主ファイル画面 アプリ起動→画面左上のアイコンをタップ→ユーザーIDを確認できる領主ファイル画面 キャプチャ：App Storeの購入履歴画面 App Storeを起動→右上のアイコンをタップ→自分の名前をタップ→購入履歴をタップ→購入履歴画面 ※課金直後は「保留」の表記となりますが、時間が経つと注文番号が表示されます。 注文番号が表示されている画面のキャプチャをご提出ください。 テキスト：デバイスID（IDFA） 「adjust Insights」を起動→表示された「IDFA」を記載 ※IDFAがすべて0で表示される場合や、手順を詳しく確認したい方は、 デバイスIDの確認方法を知りたい をご参照ください step『役場レベル〇に到達後、〇〇課金完了』の場合 テキスト：ゲーム内のユーザーID アプリ起動→画面左上のアイコンをタップ→ID: の後に続く9桁の数字 キャプチャ：アプリTOP画面 アプリ起動→アプリTOP画面 キャプチャ：ゲーム内のユーザーIDを確認できる領主ファイル画面 アプリ起動→画面左上のアイコンをタップ→ユーザーIDを確認できる領主ファイル画面 キャプチャ：現在のレベルを確認できる役場ステータス画面 アプリ起動→マップ中央の役場をタップ→現在のレベルを確認できる役場ステータス画面 キャプチャ：App Storeの購入履歴画面 App Storeを起動→右上のアイコンをタップ→自分の名前をタップ→購入履歴をタップ→購入履歴画面 ※課金直後は「保留」の表記となりますが、時間が経つと注文番号が表示されます。 注文番号が表示されている画面のキャプチャをご提出ください。 テキスト：デバイスID（IDFA） 「adjust Insights」を起動→表示された「IDFA」を記載 ※IDFAがすべて0で表示される場合や、手順を詳しく確認したい方は、 デバイスIDの確認方法を知りたい をご参照ください ※申請に必要な情報は変更される場合があります。必ず申請フォームで最新情報をご確認ください。 ※保証完了まで、該当アプリを削除しないでください。 ※ポイント獲得条件について不明点がある場合は、ワラウの カスタマーサービス にお問い合わせをお願いいたします。 / 10日以内に役場レベル4に到達 / 10日以内に役場レベル8に到達 / 30日以内に800円以上1,600円未満の一括課金 / 10日以内に役場レベル16に到達 / 30日以内に1,600円以上3,200円未満の一括課金 / 10日以内に役場レベル20に到達 / 30日以内に役場レベル24に到達 / 30日以内に役場レベル24に到達後、3,200円以上5,000円未満の一括課金 / 30日以内に役場レベル28に到達 / 30日以内に役場レベル28に到達後、5,000円以上一括課金 / 35日以内に役場レベル30に到達",iOS,StepUp,インストール日から起算して10日／30日／35日以内（ステップ別）,2026-09-29,https://www.warau.jp/contents/point/pointEntrance.php?point_id=206609&pl=pc_categoryService,https://www.warau.jp/contents/point/pointEntrance.php?point_id=206609&pl=pc_categoryService,true
パズル＆サバイバル|ec_navi|iOS|https://ecnavi.jp/ad/10712650/show/?frame=category,パズル＆サバイバル,ec_navi,,420,加算条件 アプリDL後の起動 加算時期 15分前後 利用履歴表示 利用完了後、1日～14日 お買い物承認回数 加算なし グレードボーナス ボーナスなし 友達紹介ボーナス 420 シェアする ECナビ無料会員登録はこちら ログインはこちら 実は損してる？ ネットショッピングやサービスを利用する際に、より多くのポイントをもらえる方法を知っていますか？ECナビを経由するだけで、ショップ・サービスサイトのポイントとは別にECナビポイントとして、 ポイントを二重で貯められる のです。二つのサイトのポイントがもらえるなら、ちょっと嬉しいですよね。 ポイントの貯め方は、ネットショッピングやサービスの利用以外にも、アンケート回答やゲームなど多数あるので、好きな貯め方でOK！無料で登録できてすぐに利用できます。貯まったポイントは 現金やAmazonギフトカードなどに交換 できます。 運営実績は20年以上！900万人以上の方がポイントを貯めています。普段の生活にECナビを活用してお小遣いを貯めてみませんか？ ECナビ無料会員登録はこちら 加算条件詳細 --PR-- 初回利用および加算条件達成でポイント加算対象となります。 ▼承認条件 新規インストール後、コントロールセンターレベル17到達で成果 ※成果到達目安：新規インストール後、8日程度 ※広告クリックから（当日を1日目とし）30日以内での達成が条件となります。 ▼成果までの流れ 1.インストール後、起動 2.コントロールセンターレベル17到達で成果 ▼却下条件 ・過去にインストール済の場合は、「新規アプリインストール」に該当しないためポイント付与対象外になります。 ※広告クリックから（当日を1日目とし）31日以上経過して到達した場合は成果対象外となります。 ・公共WiFiを使用してインストールした場合 ・同じIPアドレスから他の端末でインストールまたは成果地点に到達した場合 ・インストール時に回線が不安定な場合 ・インストール中に他の操作をした場合 ・広告ブロックを使用している場合 ・オフラインでアプリを使用した場合 ・エミュレータでご参加された場合 ・過去に同じアプリをインストールしたことがある場合、または成果地点到達をしたことがある場合 ・新しい端末にデータを引き継いで成果条件に到達した場合、または新しい端末とは別の端末にデータを引き継いで成果条件に到達した場合 ・不備や不正、虚偽、重複、いたずらの申請を行った場合 ・本広告以外からのインストールを行った場合 ・お問い合わせ時に該当アプリをアンインストールしている場合、または成果条件達成までにアプリをアンインストールしている場合 ・広告主が正常な成果でないと判断した場合 ・日本国外からのアクセスまたは日本国外のIPアドレスからクリックした場合 ・端末の「Appからのトラッキング要求を許可」設定がOFFの場合 ・該当アプリ起動時の「Webサイトを横断してアクティビティをトラッキングする」を許可しない場合 ▼,iOS,Single,条件欄の達成期限を参照,2026-09-29,https://ecnavi.jp/ad/10712650/show/?frame=category,https://ecnavi.jp/ad/10712650/show/?frame=category,true
パズル＆サバイバル|hapitas|Android|https://hapitas.jp/item/detail/itemid/99158,パズル＆サバイバル,hapitas,,33829,新規アプリインストール後、30日以内にStepUp（レベル7/12/17/25/30到達・スカーレットギフト購入・永久建築隊列購入・星5研究マスター購入・ローダン購入・30日のプラチナ週パス購入）を達成,Android,StepUp,インストール後30日以内,2026-09-28,https://hapitas.jp/item/detail/itemid/99158,https://hapitas.jp/item/detail/itemid/99158,true
パズル＆サバイバル|hapitas|iOS|https://hapitas.jp/item/detail/itemid/98148,パズル＆サバイバル,hapitas,,38696,新規アプリインストール後、30日以内にStepUp（レベル7/12/17/25/30到達・スカーレットギフト購入・永久建築隊列購入・星5研究マスター購入・ローダン購入・30日のプラチナ週パス購入）を達成,iOS,StepUp,インストール後30日以内,2026-09-28,https://hapitas.jp/item/detail/itemid/98148,https://hapitas.jp/item/detail/itemid/98148,true
パズル＆サバイバル|moppy|Android|https://pc.moppy.jp/ad/detail.php?site_id=160367,パズル＆サバイバル,moppy,,39734,新規アプリインストール後、30日以内に各成果地点到達でクリア,Android,StepUp,30日以内,2026-09-28,https://pc.moppy.jp/ad/detail.php?site_id=160367,https://pc.moppy.jp/ad/detail.php?site_id=160367,true
パズル＆サバイバル|moppy|iOS|https://pc.moppy.jp/ad/detail.php?site_id=160366,パズル＆サバイバル,moppy,,39740,新規アプリインストール後、30日以内に各成果地点到達でクリア,iOS,StepUp,30日以内,2026-09-28,https://pc.moppy.jp/ad/detail.php?site_id=160366,https://pc.moppy.jp/ad/detail.php?site_id=160366,true
パズル＆サバイバル|point_income|iOS|https://sp.pointi.jp/ad/154851/,パズル＆サバイバル,point_income,,300,アプリインストール＋起動→承認待ち反映後、30日以内に戦力200万到達,iOS,通常,承認待ち反映後、30日以内,2026-09-26,https://sp.pointi.jp/ad/154851/,https://sp.pointi.jp/ad/154851/,true
パズル＆サバイバル|warau|Android|https://www.warau.jp/contents/point/pointEntrance.php?point_id=205557,パズル＆サバイバル,warau,,29500,新規アプリインストール後、30日以内にStepUp（第2章/第6章/第8章/第10章/第12章/第15章の探索クリア・CCレベル7/27/30到達・成長の助力購入・スカーレットセール購入・★3建築マスター購入・成長基金購入・★5建築マスター購入）を達成,Android,StepUp,インストール日から起算して30日以内,2026-09-08,https://www.warau.jp/contents/point/pointEntrance.php?point_id=205557,https://www.warau.jp/contents/point/pointEntrance.php?point_id=205557,true
パズル＆サバイバル|warau|Android|https://www.warau.jp/contents/point/pointEntrance.php?point_id=206425,パズル＆サバイバル,warau,,24600,ポイント獲得条件 ■獲得条件 新規アプリインストール後、インストール日から起算して30日以内にStepUpミッションの各達成条件をクリア ※ポイント通帳の判定状態に「判定中」の記載がない場合は、ポイント対象外となります。必ず記載があることを確認した上で、アプリを進めてください。 ※「ポイントを貯める」をタップした後、1時間以内にアプリを起動してください。また、他のアプリの起動やサイトの閲覧はしないでください。 ※アプリを起動するまで、通信環境を変更しないでください。（モバイル回線やWi-Fiの切り替えも含む） 【Step『「成長基金」を購入』について】 コントロールセンターレベル4到達後に課金可能となります ■獲得対象外 ポイント通帳の判定状態に「判定中」と表示されない場合 広告主が不正や重複した利用と判断した場合 以下のいずれかに該当し、新規インストールと認められない場合 過去に本アプリをインストールしている アプリを削除して再インストールしている 同一WIFI、同一IP、同一端末で本アプリをインストールしている 別の端末にデータを引き継いでアプリを利用している 以下のいずれかに該当し、ご利用情報が正しくトラッキングされていない場合 「ポイントを貯める」をタップしてから1時間以内にアプリを起動していない、またはその間に通信環境の変更、他のアプリ起動やサイト閲覧している オフライン、公共WiFiなどでアプリを利用している 日本国内以外からのアクセス、または日本国外のIPでアプリを利用している 広告ブロッカー（アドブロック機能）を利用している 端末の「広告ID」を削除またはリセットしている ■注意事項 ポイント通帳へは各Step達成ごとの獲得ptが追加されます。 獲得条件やポイント数が変更される場合がございますが、インストール時の条件が適用されます。 ストア（サイト）に遷移しない場合は、端末のOSを最新のものにアップデートして再度お試しください。 条件達成後、ポイント付与までに最大24時間かかります。 キャンペーンは予告なく変更・終了する場合がございます。 直接広告主へワラウポイントについて問い合わせする事は、いかなる場合でも禁止されています。 ■あんしん保証制度 この広告は、ポイント通帳の判定状態に「判定中」の記載がある場合、 あんしん保証制度 の対象となります。以下の保証対象に該当する場合は、期限内に保証申請フォームからステップ（Step）ごとにお手続きをお願いいたします。 【保証対象と申請期限】 判定期間保証 申請期限：インストール日から起算して35日以内 【申請に必要な情報】 お手続きをスムーズに進めるため、以下の情報をご用意ください。 Step「第〇章の探索をクリア」の場合 テキスト：アプリ内のUID アプリ起動→ホーム画面下部の「その他」をタップ→「設定」をタップ→「アカウント」をタップ→「マイページ」をタップ→マイページ画面に記載されたUID キャプチャ：アプリTOP画面 アプリ起動→アプリTOP画面 キャプチャ：アプリ内のマイページ画面 アプリ起動→ホーム画面下部の「その他」をタップ→「設定」をタップ→「アカウント」をタップ→「マイページ」をタップ→マイページ画面 キャプチャ：章をクリアしたことを確認できる探索画面 アプリ起動→「探索」をタップ→クリアした章をタップ→対象の章の全てのマップをクリアしていることが確認できる画面 Step「コントロールセンターレベル〇到達」の場合 テキスト：アプリ内のUID アプリ起動→ホーム画面下部の「その他」をタップ→「設定」をタップ→「アカウント」をタップ→「マイページ」をタップ→マイページ画面に記載されたUID キャプチャ：アプリTOP画面 アプリ起動→アプリTOP画面 キャプチャ：アプリ内のマイページ画面 アプリ起動→ホーム画面下部の「その他」をタップ→「設定」をタップ→「アカウント」をタップ→「マイページ」をタップ→マイページ画面 キャプチャ：コントロールセンターレベルが確認できる建築情報画面 アプリ起動→「コントロールセンター」をタップ→「詳細情報」タップ→建築情報画面 Step「〇〇を購入」の場合 テキスト：アプリ内のUID アプリ起動→ホーム画面下部の「その他」をタップ→「設定」をタップ→「アカウント」をタップ→「マイページ」をタップ→マイページ画面に記載されたUID キャプチャ：アプリTOP画面 アプリ起動→アプリTOP画面 キャプチャ：アプリ内のマイページ画面 アプリ起動→ホーム画面下部の「その他」をタップ→「設定」をタップ→「アカウント」をタップ→「マイページ」をタップ→マイページ画面 キャプチャ：購入したものが確認できる通知画面 アプリ起動→ホーム画面下部の「文書」をタップ→「チャージ履歴」を選択→システム通知内の対象アイテムを購入したことが確認できる画面 ※申請に必要な情報は変更される場合があります。必ず申請フォームで最新情報をご確認ください。 ※保証完了まで、該当アプリを削除しないでください。 ※ポイント獲得条件について不明点がある場合は、ワラウの カスタマーサービス にお問い合わせをお願いいたします。 / コントロールセンターレベル4到達 / コントロールセンターレベル7到達 / 『成長の助力』を購入 / 『スカーレットセール』を購入 / 第6章の探索をクリア / 『★3建築マスター』を購入 / 第10章の探索をクリア / 第15章の探索をクリア / コントロールセンターレベル16到達 / コントロールセンターレベル19到達 / 『成長基金』を購入 / 『★5建築マスター』を購入 / コントロールセンターレベル24到達 / 【高難易度】コントロールセンターレベル27到達 / 【高難易度】コントロールセンターレベル30到達,Android,StepUp,条件欄の各ステップ期限を参照,2026-09-25,https://www.warau.jp/contents/point/pointEntrance.php?point_id=206425,https://www.warau.jp/contents/point/pointEntrance.php?point_id=206425,true
パズル＆サバイバル|warau|Android|https://www.warau.jp/contents/point/pointEntrance.php?point_id=206460,パズル＆サバイバル,warau,GF Rewards,13016,初回アプリインストール後、StepUpミッションをクリア,Android,StepUp,案件ページで確認,2026-09-08,https://www.warau.jp/contents/point/pointEntrance.php?point_id=206460,https://www.warau.jp/contents/point/category?category_group=77&display_style=list&page=1&point_group=2&sort=new,true
パズル＆サバイバル|warau|Android|https://www.warau.jp/contents/point/pointEntrance.php?point_id=206488,パズル＆サバイバル,warau,SmaAD,8628,初回アプリインストール後、StepUpミッションをクリア,Android,StepUp,案件ページで確認,2026-09-08,https://www.warau.jp/contents/point/pointEntrance.php?point_id=206488,https://www.warau.jp/contents/point/category?category_group=77&display_style=list&page=1&point_group=2&sort=new,true
パズル＆サバイバル|warau|Android|https://www.warau.jp/contents/point/pointEntrance.php?point_id=207160&pl=pc_categoryService,パズル＆サバイバル,warau,,14000,ポイント獲得条件 ■獲得条件 新規アプリインストール後、インストール日から起算して30日以内にStepUpミッションの各達成条件をクリア ※ポイント通帳の判定状態に「判定中」の記載がない場合は、ポイント対象外となります。必ず記載があることを確認した上で、アプリを進めてください。 ※「ポイントを貯める」をタップした後、1時間以内にアプリを起動してください。また、他のアプリの起動やサイトの閲覧はしないでください。 ※アプリを起動するまで、通信環境を変更しないでください。（モバイル回線やWi-Fiの切り替えも含む） 【Step『「成長基金」を購入』について】 コントロールセンターレベル4到達後に課金可能となります ■獲得対象外 ポイント通帳の判定状態に「判定中」と表示されない場合 広告主が不正や重複した利用と判断した場合 以下のいずれかに該当し、新規インストールと認められない場合 過去に本アプリをインストールしている アプリを削除して再インストールしている 同一WIFI、同一IP、同一端末で本アプリをインストールしている 別の端末にデータを引き継いでアプリを利用している 以下のいずれかに該当し、ご利用情報が正しくトラッキングされていない場合 「ポイントを貯める」をタップしてから1時間以内にアプリを起動していない、またはその間に通信環境の変更、他のアプリ起動やサイト閲覧している オフライン、公共WiFiなどでアプリを利用している 日本国内以外からのアクセス、または日本国外のIPでアプリを利用している 広告ブロッカー（アドブロック機能）を利用している 端末の「広告ID」を削除またはリセットしている ■注意事項 ポイント通帳へは各Step達成ごとの獲得ptが追加されます。 獲得条件やポイント数が変更される場合がございますが、インストール時の条件が適用されます。 ストア（サイト）に遷移しない場合は、端末のOSを最新のものにアップデートして再度お試しください。 条件達成後、ポイント付与までに最大24時間かかります。 キャンペーンは予告なく変更・終了する場合がございます。 直接広告主へワラウポイントについて問い合わせする事は、いかなる場合でも禁止されています。 ■あんしん保証制度 この広告は、ポイント通帳の判定状態に「判定中」の記載がある場合、 あんしん保証制度 の対象となります。以下の保証対象に該当する場合は、期限内に保証申請フォームからステップ（Step）ごとにお手続きをお願いいたします。 【保証対象と申請期限】 判定期間保証 申請期限：インストール日から起算して35日以内 【申請に必要な情報】 お手続きをスムーズに進めるため、以下の情報をご用意ください。 Step「第〇章の探索をクリア」の場合 テキスト：アプリ内のUID アプリ起動→ホーム画面下部の「その他」をタップ→「設定」をタップ→「アカウント」をタップ→「マイページ」をタップ→マイページ画面に記載されたUID キャプチャ：アプリTOP画面 アプリ起動→アプリTOP画面 キャプチャ：アプリ内のマイページ画面 アプリ起動→ホーム画面下部の「その他」をタップ→「設定」をタップ→「アカウント」をタップ→「マイページ」をタップ→マイページ画面 キャプチャ：章をクリアしたことを確認できる探索画面 アプリ起動→「探索」をタップ→クリアした章をタップ→対象の章の全てのマップをクリアしていることが確認できる画面 Step「コントロールセンターレベル〇到達」の場合 テキスト：アプリ内のUID アプリ起動→ホーム画面下部の「その他」をタップ→「設定」をタップ→「アカウント」をタップ→「マイページ」をタップ→マイページ画面に記載されたUID キャプチャ：アプリTOP画面 アプリ起動→アプリTOP画面 キャプチャ：アプリ内のマイページ画面 アプリ起動→ホーム画面下部の「その他」をタップ→「設定」をタップ→「アカウント」をタップ→「マイページ」をタップ→マイページ画面 キャプチャ：コントロールセンターレベルが確認できる建築情報画面 アプリ起動→「コントロールセンター」をタップ→「詳細情報」タップ→建築情報画面 Step「〇〇を購入」の場合 テキスト：アプリ内のUID アプリ起動→ホーム画面下部の「その他」をタップ→「設定」をタップ→「アカウント」をタップ→「マイページ」をタップ→マイページ画面に記載されたUID キャプチャ：アプリTOP画面 アプリ起動→アプリTOP画面 キャプチャ：アプリ内のマイページ画面 アプリ起動→ホーム画面下部の「その他」をタップ→「設定」をタップ→「アカウント」をタップ→「マイページ」をタップ→マイページ画面 キャプチャ：購入したものが確認できる通知画面 アプリ起動→ホーム画面下部の「文書」をタップ→「チャージ履歴」を選択→システム通知内の対象アイテムを購入したことが確認できる画面 ※申請に必要な情報は変更される場合があります。必ず申請フォームで最新情報をご確認ください。 ※保証完了まで、該当アプリを削除しないでください。 ※ポイント獲得条件について不明点がある場合は、ワラウの カスタマーサービス にお問い合わせをお願いいたします。 / コントロールセンターレベル4到達 / コントロールセンターレベル7到達 / 『成長の助力』を購入 / 『スカーレットセール』を購入 / 第6章の探索をクリア / 『★3建築マスター』を購入 / 第10章の探索をクリア / 第15章の探索をクリア / コントロールセンターレベル16到達 / コントロールセンターレベル19到達 / 『成長基金』を購入 / 『★5建築マスター』を購入 / コントロールセンターレベル24到達 / 【高難易度】コントロールセンターレベル27到達 / 【高難易度】コントロールセンターレベル30到達,Android,StepUp,インストール日から起算して30日以内,2026-09-29,https://www.warau.jp/contents/point/pointEntrance.php?point_id=207160&pl=pc_categoryService,https://www.warau.jp/contents/point/pointEntrance.php?point_id=207160&pl=pc_categoryService,true
パズル＆サバイバル|warau|iOS|https://www.warau.jp/contents/point/pointEntrance.php?point_id=205361,パズル＆サバイバル,warau,,15230,ポイント獲得条件 ■獲得条件 新規アプリインストール後、StepUpミッションの各達成条件をクリア ※達成期限は各達成条件によって異なります。また、すべてインストール日から起算した期日となります。 ※ポイント通帳の判定状態に「判定中」の記載がない場合は、ポイント対象外となります。必ず記載があることを確認した上で、アプリを進めてください。 ※「ポイントを貯める」をタップした後、1時間以内にアプリを起動をしてください。また、他のアプリの起動やサイトの閲覧はしないでください。 ※アプリを起動するまで、通信環境を変更しないでください。（モバイル回線やWi-Fiの切り替えも含む） 【「成長基金」を購入】について コントロールセンターレベル4到達後に課金可能となります ■獲得対象外 ポイント通帳の判定状態に「判定中」と表示されない場合 広告主が不正や重複した利用と判断した場合 以下のいずれかに該当し、新規インストールと認められない場合 過去に本アプリをインストールしている アプリを削除して再インストールしている 同一WIFI、同一IP、同一端末で本アプリをインストールしている 別の端末にデータを引き継いでアプリを利用している 以下のいずれかに該当し、ご利用情報が正しくトラッキングされていない場合 「ポイントを貯める」をタップしてから1時間以内にアプリを起動していない、またはその間に通信環境の変更、他のアプリ起動やサイト閲覧している オフライン、公共WiFiなどでアプリを利用している 日本国内以外からのアクセス、または日本国外のIPでアプリを利用している 広告ブロッカー（アドブロック機能）を利用している 端末の「広告ID」を削除またはリセットしている ■注意事項 ポイント通帳には、各Step達成ごとに獲得ポイントが記載されます。 広告ご利用中に、獲得条件やポイント数が変更される可能性がございますが、アプリをインストール時の条件が適用されます。 アプリストアやサイトに遷移しない場合は、端末のOSを最新のものにアップデートしていただき、再度お試しください。 ワラウポイントに関するお問い合わせは、いかなる場合でも直接広告主および関連会社へご連絡する事は、禁止されています。 ■あんしん保証制度 この広告は、ポイント通帳の判定状態に「判定中」の記載がある場合、 あんしん保証制度 の対象となります。以下の保証対象に該当する場合は、期限内に保証申請フォームからステップ（Step）ごとにお手続きをお願いいたします。 【保証対象と申請期限】 判定期間保証 申請期限：インストール日から起算して50日以内 【申請に必要な情報】 お手続きをスムーズに進めるため、以下の情報をご用意ください。 Step「コントロールセンターレベル〇到達」の場合 テキスト：アプリ内のUID ホーム画面下部の「その他」をタップ→「設定」をタップ→「アカウント」をタップ→「マイページ」をタップ→マイページ画面に記載されたUID キャプチャ：アプリ内のマイページ画面 ホーム画面下部の「その他」をタップ→「設定」をタップ→「アカウント」をタップ→「マイページ」をタップ→マイページ画面 キャプチャ：コントロールセンターレベルが確認できる建築情報画面 アプリを起動→「コントロールセンター」をタップ→「詳細情報」タップ→建築情報画面 Step「任意英雄をレベル131にレベルアップ」「5星英雄を8人入手」の場合 テキスト：アプリ内のUID ホーム画面下部の「その他」をタップ→「設定」をタップ→「アカウント」をタップ→「マイページ」をタップ→マイページ画面に記載されたUID キャプチャ：アプリ内のマイページ画面 ホーム画面下部の「その他」をタップ→「設定」をタップ→「アカウント」をタップ→「マイページ」をタップ→マイページ画面 キャプチャ：英雄システム画面 アプリを起動⇒画面下部の［英雄ボタン］をタップ⇒英雄システム画面（英雄タブを表示） Step「〇〇を購入」の場合 テキスト：アプリ内のUID ホーム画面下部の「その他」をタップ→「設定」をタップ→「アカウント」をタップ→「マイページ」をタップ→マイページ画面に記載されたUID キャプチャ：アプリ内のマイページ画面 ホーム画面下部の「その他」をタップ→「設定」をタップ→「アカウント」をタップ→「マイページ」をタップ→マイページ画面 キャプチャ：購入したものが確認できる通知画面 アプリを起動→ホーム画面下部の「文書」をタップ→「チャージ履歴」を選択→システム通知内の対象アイテムを購入したことが確認できる画面 Step「30日のプラチナ週パスを購入」の場合 テキスト：アプリ内のUID ホーム画面下部の「その他」をタップ→「設定」をタップ→「アカウント」をタップ→「マイページ」をタップ→マイページ画面に記載されたUID キャプチャ：アプリ内のマイページ画面 ホーム画面下部の「その他」をタップ→「設定」をタップ→「アカウント」をタップ→「マイページ」をタップ→マイページ画面 キャプチャ：避難所強化画面 ［ホーム画面］右下［パスアイコン］または［ハンマーアイコン］をタップ ⇒［避難所強化画面］ ※「30日のプラチナ週パス」の適用が確認できる画面を提出してください。 ※申請に必要な情報は変更される場合があります。必ず申請フォームで最新情報をご確認ください。 ※保証完了まで、該当アプリを削除しないでください。 ※ポイント獲得条件について不明点がある場合は、ワラウの カスタマーサービス にお問い合わせをお願いいたします。 / 30日以内にコントロールセンターレベル5到達 / 30日以内にコントロールセンターレベル8到達 / 30日以内に「永久建築隊列」を購入 / 30日以内にコントロールセンターレベル11到達 / 30日以内に「成長基金」を購入 / 30日以内にコントロールセンターレベル15到達 / 30日以内にコントロールセンターレベル18到達 / 30日以内に30日のプラチナ週パスを購入 / 5日以内に任意英雄をレベル131にレベルアップ / 30日以内に5星英雄を8人入手 / 30日以内に「スカーレットギフト」を購入 / 30日以内にコントロールセンターレベル23到達 / 30日以内に「征途月パス」を購入 / 30日以内にコントロールセンターレベル30到達,iOS,StepUp,インストール日から起算して30日／5日以内（ステップ別）,2026-09-29,https://www.warau.jp/contents/point/pointEntrance.php?point_id=205361,https://www.warau.jp/contents/point/pointEntrance.php?point_id=205361,true
ファミリーファームの冒険|ec_navi|iOS|https://ecnavi.jp/ad/10720018/show/?frame=category,ファミリーファームの冒険,ec_navi,,900,加算条件 アプリDL後の起動 加算時期 15分前後 利用履歴表示 利用完了後、1日～14日 お買い物承認回数 加算なし グレードボーナス ボーナスなし 友達紹介ボーナス 900 シェアする ECナビ無料会員登録はこちら ログインはこちら 実は損してる？ ネットショッピングやサービスを利用する際に、より多くのポイントをもらえる方法を知っていますか？ECナビを経由するだけで、ショップ・サービスサイトのポイントとは別にECナビポイントとして、 ポイントを二重で貯められる のです。二つのサイトのポイントがもらえるなら、ちょっと嬉しいですよね。 ポイントの貯め方は、ネットショッピングやサービスの利用以外にも、アンケート回答やゲームなど多数あるので、好きな貯め方でOK！無料で登録できてすぐに利用できます。貯まったポイントは 現金やAmazonギフトカードなどに交換 できます。 運営実績は20年以上！900万人以上の方がポイントを貯めています。普段の生活にECナビを活用してお小遣いを貯めてみませんか？ ECナビ無料会員登録はこちら 加算条件詳細 --PR-- 初回利用および加算条件達成でポイント加算対象となります。 ▼承認条件 新規インストール後、レベル30到達で成果 ※成果到達目安：新規インストール後、21日程度 ※広告クリックから（当日を1日目とし）24日以内での達成が条件となります。 ▼成果までの流れ 1.インストール後、起動 2.レベル30到達で成果 ▼却下条件 ・過去にインストール済の場合は、「新規アプリインストール」に該当しないためポイント付与対象外になります。 ※広告クリックから（当日を1日目とし）25日以上経過して到達した場合は成果対象外となります。 ・公共WiFiを使用してインストールした場合 ・同じIPアドレスから他の端末でインストールまたは成果地点に到達した場合 ・インストール時に回線が不安定な場合 ・インストール中に他の操作をした場合 ・広告ブロックを使用している場合 ・オフラインでアプリを使用した場合 ・エミュレータでご参加された場合 ・過去に同じアプリをインストールしたことがある場合、または成果地点到達をしたことがある場合 ・新しい端末にデータを引き継いで成果条件に到達した場合、または新しい端末とは別の端末にデータを引き継いで成果条件に到達した場合 ・不備や不正、虚偽、重複、いたずらの申請を行った場合 ・本広告以外からのインストールを行った場合 ・お問い合わせ時に該当アプリをアンインストールしている場合、または成果条件達成までにアプリをアンインストールしている場合 ・広告主が正常な成果でないと判断した場合 ・日本国外からのアクセスまたは日本国外のIPアドレスからクリックした場合 ・端末の「Appからのトラッキング要求を許可」設定がOFFの場合 ・該当アプリ起動時の「Webサイトを横断してアクティビティをトラッキングする」を許可しない場合 ▼,iOS,Single,条件欄の達成期限を参照,2026-09-29,https://ecnavi.jp/ad/10720018/show/?frame=category,https://ecnavi.jp/ad/10720018/show/?frame=category,true
ホワイトアウト・サバイバル|moppy|Android|https://pc.moppy.jp/ad/detail.php?site_id=160375,ホワイトアウト・サバイバル,moppy,,6119,新規アプリインストール後、45日以内に各成果地点到達,Android,StepUp,45日以内,2026-09-28,https://pc.moppy.jp/ad/detail.php?site_id=160375,https://pc.moppy.jp/ad/detail.php?site_id=160375,true
ホワイトアウト・サバイバル|warau|Android|https://www.warau.jp/contents/point/pointEntrance.php?point_id=201872&pl=pc_categoryService,ホワイトアウト・サバイバル,warau,,11500,"ポイント獲得条件 ■獲得条件 新規アプリインストール後、インストール日から起算して25日以内にStepUpミッションの各達成条件をクリア ※ポイント通帳の判定状態に「判定中」の記載がない場合は、ポイント対象外となります。必ず記載があることを確認した上で、アプリを進めてください。 ※「ポイントを貯める」をタップした後、1時間以内にアプリを起動してください。また、他のアプリの起動やサイトの閲覧はしないでください。 ※アプリを起動するまで、通信環境を変更しないでください。（モバイル回線やWi-Fiの切り替えも含む） ■獲得対象外 ポイント通帳の判定状態に「判定中」と表示されない場合 広告主が不正や重複した利用と判断した場合 以下のいずれかに該当し、新規インストールと認められない場合 過去に本アプリをインストールしている アプリを削除して再インストールしている 同一WIFI、同一IP、同一端末で本アプリをインストールしている 別の端末にデータを引き継いでアプリを利用している 以下のいずれかに該当し、ご利用情報が正しくトラッキングされていない場合 「ポイントを貯める」をタップしてから1時間以内にアプリを起動していない、またはその間に通信環境の変更、他のアプリ起動やサイト閲覧している オフライン、公共WiFiなどでアプリを利用している 日本国内以外からのアクセス、または日本国外のIPでアプリを利用している 広告ブロッカー（アドブロック機能）を利用している 端末の「広告ID」を削除またはリセットしている ■注意事項 ポイント通帳へは各Step達成ごとの獲得ptが追加されます。 獲得条件やポイント数が変更される場合がございますが、インストール時の条件が適用されます。 ストア（サイト）に遷移しない場合は、端末のOSを最新のものにアップデートして再度お試しください。 条件達成後、ポイント付与までに最大24時間かかります。 キャンペーンは予告なく変更・終了する場合がございます。 直接広告主へワラウポイントについて問い合わせする事は、いかなる場合でも禁止されています。 ■あんしん保証制度 この広告は、ポイント通帳の判定状態に「判定中」の記載がある場合、 あんしん保証制度 の対象となります。以下の保証対象に該当する場合は、期限内に保証申請フォームからステップ（Step）ごとにお手続きをお願いいたします。 【保証対象と申請期限】 判定期間保証 申請期限：インストール日から起算して30日以内 【申請に必要な情報】 お手続きをスムーズに進めるため、以下の情報をご用意ください。 Step「大溶鉱炉レベル〇〇に到達」の場合 テキスト：アプリ内のユーザーID アプリを起動→左上のアイコンをタップ→『設定』をタップ→『アカウント』をタップ→表示されているID キャプチャ：アプリ内のユーザーIDが確認できるアカウント画面 アプリを起動→左上のアイコンをタップ→『設定』をタップ→『アカウント』をタップ→IDを確認できるアカウント画面 キャプチャ：大溶鉱炉レベルを確認できる画面 Step「〇〇円以上一括課金」の場合 テキスト：アプリ内のユーザーID アプリを起動→左上のアイコンをタップ→『設定』をタップ→『アカウント』をタップ→表示されているID キャプチャ：アプリ内のユーザーIDが確認できるアカウント画面 アプリを起動→左上のアイコンをタップ→『設定』をタップ→『アカウント』をタップ→IDを確認できるアカウント画面 キャプチャ：Google Playの購入履歴画面 Google Playアプリ起動→右上のアイコンをタップ→お支払いと定期購入をタップ→予算と履歴をタップ→購入履歴画面 Step「大溶鉱炉レベル〇〇に到達後、〇〇円以上一括課金」の場合 テキスト：アプリ内のユーザーID アプリを起動→左上のアイコンをタップ→『設定』をタップ→『アカウント』をタップ→表示されているID キャプチャ：アプリ内のユーザーIDが確認できるアカウント画面 アプリを起動→左上のアイコンをタップ→『設定』をタップ→『アカウント』をタップ→IDを確認できるアカウント画面 キャプチャ：大溶鉱炉レベルを確認できる画面 キャプチャ：Google Playの購入履歴画面 Google Playアプリ起動→右上のアイコンをタップ→お支払いと定期購入をタップ→予算と履歴をタップ→購入履歴画面 ※申請に必要な情報は変更される場合があります。必ず申請フォームで最新情報をご確認ください。 ※保証完了まで、該当アプリを削除しないでください。 ※ポイント獲得条件について不明点がある場合は、ワラウの カスタマーサービス にお問い合わせをお願いいたします。 / 大溶鉱炉レベル3に到達 / 大溶鉱炉レベル10に到達 / 800円以上1,600円未満の一括課金 / 大溶鉱炉レベル18に到達 / 1,600円以上3,200円未満の一括課金 / 大溶鉱炉レベル21に到達 / 大溶鉱炉レベル23に到達 / 大溶鉱炉レベル23に到達後、3,200円以上一括課金 / 大溶鉱炉レベル26に到達",Android,StepUp,インストール日から起算して25日以内,2026-09-29,https://www.warau.jp/contents/point/pointEntrance.php?point_id=201872&pl=pc_categoryService,https://www.warau.jp/contents/point/pointEntrance.php?point_id=201872&pl=pc_categoryService,true
ホワイトアウト・サバイバル|warau|iOS|https://www.warau.jp/contents/point/pointEntrance.php?point_id=201862,ホワイトアウト・サバイバル,warau,,11500,"ポイント獲得条件 ■獲得条件 新規アプリインストール後、インストール日から起算して25日以内にStepUpミッションの各達成条件をクリア ※ポイント通帳の判定状態に「判定中」の記載がない場合は、ポイント対象外となります。必ず記載があることを確認した上で、アプリを進めてください。 ※「ポイントを貯める」をタップした後、1時間以内にアプリを起動してください。また、他のアプリの起動やサイトの閲覧はしないでください。 ※アプリを起動するまで、通信環境を変更しないでください。（モバイル回線やWi-Fiの切り替えも含む） ■獲得対象外 ポイント通帳の判定状態に「判定中」と表示されない場合 広告主が不正や重複した利用と判断した場合 以下のいずれかに該当し、新規インストールと認められない場合 過去に本アプリをインストールしている アプリを削除して再インストールしている 同一WIFI、同一IP、同一端末で本アプリをインストールしている 別の端末にデータを引き継いでアプリを利用している 以下のいずれかに該当し、ご利用情報が正しくトラッキングされていない場合 「ポイントを貯める」をタップしてから1時間以内にアプリを起動していない、またはその間に通信環境の変更、他のアプリ起動やサイト閲覧している オフライン、公共WiFiなどでアプリを利用している 日本国内以外からのアクセス、または日本国外のIPでアプリを利用している 広告ブロッカー（アドブロック機能）を利用している 端末の「広告ID」を削除またはリセットしている Safariにデフォルトで入っている「サイト越えトラッキングを防ぐ」が【ON】になっている アプリ起動時に「Appにトラッキングしないように要求」をタップした 端末の「Appからのトラッキング要求を許可」設定が【OFF】になっている、もしくは「追跡型広告を制限」設定が【ON】になっている ■注意事項 ポイント通帳へは各Step達成ごとの獲得ptが追加されます。 獲得条件やポイント数が変更される場合がございますが、インストール時の条件が適用されます。 ストア（サイト）に遷移しない場合は、端末のOSを最新のものにアップデートして再度お試しください。 条件達成後、ポイント付与までに最大24時間かかります。 キャンペーンは予告なく変更・終了する場合がございます。 直接広告主へワラウポイントについて問い合わせする事は、いかなる場合でも禁止されています。 ■あんしん保証制度 この広告は、ポイント通帳の判定状態に「判定中」の記載がある場合、 あんしん保証制度 の対象となります。以下の保証対象に該当する場合は、期限内に保証申請フォームからステップ（Step）ごとにお手続きをお願いいたします。 【保証対象と申請期限】 判定期間保証 申請期限：インストール日から起算して30日以内 【申請に必要な情報】 お手続きをスムーズに進めるため、以下の情報をご用意ください。 Step「大溶鉱炉レベル〇〇に到達」の場合 テキスト：アプリ内のユーザーID アプリを起動→左上のアイコンをタップ→『設定』をタップ→『アカウント』をタップ→表示されているID キャプチャ：アプリ内のユーザーIDが確認できるアカウント画面 アプリを起動→左上のアイコンをタップ→『設定』をタップ→『アカウント』をタップ→IDを確認できるアカウント画面 キャプチャ：大溶鉱炉レベルを確認できる画面 Step「〇〇円以上一括課金」の場合 テキスト：アプリ内のユーザーID アプリを起動→左上のアイコンをタップ→『設定』をタップ→『アカウント』をタップ→表示されているID キャプチャ：アプリ内のユーザーIDが確認できるアカウント画面 アプリを起動→左上のアイコンをタップ→『設定』をタップ→『アカウント』をタップ→IDを確認できるアカウント画面 キャプチャ：App Storeの購入履歴画面 App Storeを起動→右上のアイコンをタップ→自分の名前をタップ→購入履歴をタップ→購入履歴画面 ※課金直後は「保留」の表記となりますが、時間が経つと注文番号が表示されます。 注文番号が表示されている画面のキャプチャをご提出ください。 Step「大溶鉱炉レベル〇〇に到達後、〇〇円以上一括課金」の場合 テキスト：アプリ内のユーザーID アプリを起動→左上のアイコンをタップ→『設定』をタップ→『アカウント』をタップ→表示されているID キャプチャ：アプリ内のユーザーIDが確認できるアカウント画面 アプリを起動→左上のアイコンをタップ→『設定』をタップ→『アカウント』をタップ→IDを確認できるアカウント画面 キャプチャ：大溶鉱炉レベルを確認できる画面 キャプチャ：App Storeの購入履歴画面 App Storeを起動→右上のアイコンをタップ→自分の名前をタップ→購入履歴をタップ→購入履歴画面 ※課金直後は「保留」の表記となりますが、時間が経つと注文番号が表示されます。 注文番号が表示されている画面のキャプチャをご提出ください。 ※申請に必要な情報は変更される場合があります。必ず申請フォームで最新情報をご確認ください。 ※保証完了まで、該当アプリを削除しないでください。 ※ポイント獲得条件について不明点がある場合は、ワラウの カスタマーサービス にお問い合わせをお願いいたします。 / 大溶鉱炉レベル3に到達 / 大溶鉱炉レベル10に到達 / 800円以上1,600円未満の一括課金 / 大溶鉱炉レベル18に到達 / 1,600円以上3,200円未満の一括課金 / 大溶鉱炉レベル21に到達 / 大溶鉱炉レベル23に到達 / 大溶鉱炉レベル23に到達後、3,200円以上一括課金 / 【高難易度】大溶鉱炉レベル26に到達",iOS,StepUp,インストール日から起算して25日以内,2026-09-29,https://www.warau.jp/contents/point/pointEntrance.php?point_id=201862,https://www.warau.jp/contents/point/pointEntrance.php?point_id=201862,true
メメントモリ|hapitas|Android|https://hapitas.jp/item/detail/itemid/99421,メメントモリ,hapitas,,5316,新規アプリインストール後、45日以内にStepUp（チュートリアル突破・ランク30到達・ランク60到達・ランク70到達・ランク80到達・3回課金・達成パック(3000円)購入・ランク100到達・ランク110到達・5000円以上課金・10000円以上課金・ランク160到達）を達成,Android,StepUp,インストール後45日以内,2026-09-28,https://hapitas.jp/item/detail/itemid/99421,https://hapitas.jp/item/detail/itemid/99421,true
メメントモリ|hapitas|iOS|https://hapitas.jp/item/detail/itemid/99420,メメントモリ,hapitas,,5316,新規アプリインストール後、45日以内にStepUp（チュートリアル突破・ランク30到達・ランク60到達・ランク70到達・ランク80到達・3回課金・達成パック(3000円)購入・ランク100到達・ランク110到達・5000円以上課金・10000円以上課金・ランク160到達）を達成,iOS,StepUp,インストール後45日以内,2026-09-28,https://hapitas.jp/item/detail/itemid/99420,https://hapitas.jp/item/detail/itemid/99420,true
メメントモリ|warau|Android|https://www.warau.jp/contents/point/pointEntrance.php?point_id=205975,メメントモリ,warau,,12050,新規アプリインストール後、StepUpミッション（チュートリアル突破、ランク30到達、ランク60到達、ランク80到達、3回課金、達成パック(3000円)購入、ランク100到達、ランク110到達、累計5000円課金、ランク140到達、累計10000円課金）を各期限内に達成,Android,StepUp,インストール日から起算して30日／45日以内（ステップ別）,2026-09-09,https://www.warau.jp/contents/point/pointEntrance.php?point_id=205975,https://www.warau.jp/contents/point/pointEntrance.php?point_id=205975,true
メメントモリ|warau|Android|https://www.warau.jp/contents/point/pointEntrance.php?point_id=205982,メメントモリ,warau,,11500,ポイント獲得条件 ※この広告は1日ごとに利用件数の上限が設定されています。上限に到達している場合、翌日の再開をお待ちください。 ■獲得条件 新規アプリインストール後、StepUpミッションの各達成条件をクリア ※達成期限は各達成条件によって異なります。また、すべてインストール日から起算した期日となります。 ※ポイント通帳の判定状態に「判定中」の記載がない場合は、ポイント対象外となります。必ず記載があることを確認した上で、アプリを進めてください。 ※「ポイントを貯める」をタップした後、1時間以内にアプリを起動をしてください。また、他のアプリの起動やサイトの閲覧はしないでください。 ※アプリを起動するまで、通信環境を変更しないでください。（モバイル回線やWi-Fiの切り替えも含む） 【『3回課金』『累計○○円課金』について】 盟約特権(120円のサブスクリプション)は課金回数・金額に含まれませんのでご注意ください。 【『達成パック(3000円)をクリスタル以外で購入』について】 以下に該当する場合は対象外となりますのでご注意ください。 クリスタルで該当アイテムを購入された場合 外部決済アイテム経由で購入された場合 ■獲得対象外 別版に引き継ぎ、引継ぎ先で条件到達した場合 ゲーム内のサーバーを移動した場合 ポイント通帳の判定状態に「判定中」と表示されない場合 広告主が不正や重複した利用と判断した場合 以下のいずれかに該当し、新規インストールと認められない場合 過去に本アプリをインストールしている アプリを削除して再インストールしている 同一WIFI、同一IP、同一端末で本アプリをインストールしている 別の端末にデータを引き継いでアプリを利用している 以下のいずれかに該当し、ご利用情報が正しくトラッキングされていない場合 「ポイントを貯める」をタップしてから1時間以内にアプリを起動していない、またはその間に通信環境の変更、他のアプリ起動やサイト閲覧している オフライン、公共WiFiなどでアプリを利用している 日本国内以外からのアクセス、または日本国外のIPでアプリを利用している 広告ブロッカー（アドブロック機能）を利用している 端末の「広告ID」を削除またはリセットしている ■注意事項 ポイント通帳へは各Step達成ごとの獲得ptが追加されます。 獲得条件やポイント数が変更される場合がございますが、インストール時の条件が適用されます。 ストア（サイト）に遷移しない場合は、端末のOSを最新のものにアップデートして再度お試しください。 条件達成後、ポイント付与までに最大24時間かかります。 キャンペーンは予告なく変更・終了する場合がございます。 直接広告主へワラウポイントについて問い合わせする事は、いかなる場合でも禁止されています。 ■あんしん保証制度 この広告は、ポイント通帳の判定状態に「判定中」の記載がある場合、 あんしん保証制度 の対象となります。以下の保証対象に該当する場合は、期限内に保証申請フォームからステップ（Step）ごとにお手続きをお願いいたします。 【保証対象と申請期限】 判定期間保証 申請期限：インストール日から起算して80日以内 【申請に必要な情報】 お手続きをスムーズに進めるため、以下の情報をご用意ください。 Step「チュートリアル突破」の場合 キャプチャ：チュートリアル突破が確認できるクエスト画面 ［アプリを起動］⇒［ホーム画面］⇒画面下の［クエスト］をタップ⇒［クエスト画面］ キャプチャ：プレイヤー情報画面 アプリ起動→ホーム画面左上のアイコンをタップ→プレイヤー情報画面 Step「ランク○○到達」の場合 キャプチャ：到達したランクが確認できるプレイヤー情報画面 アプリ起動→ホーム画面左上のアイコンをタップ→プレイヤー情報画面 キャプチャ：アプリのホーム画面 アプリ起動→アプリのホーム画面 Step「3回課金」「○○を購入」「累計○○円課金」の場合 キャプチャ：プレイヤー情報画面 アプリ起動→ホーム画面左上のアイコンをタップ→プレイヤー情報画面 キャプチャ：課金内容が確認できる購入履歴画面 ［Google Play ストア］⇒ 画面右上［アカウント］アイコン ⇒［お支払いと定期購入］⇒［予算と履歴］（一覧で確認できる画面） ※申請に必要な情報は変更される場合があります。必ず申請フォームで最新情報をご確認ください。 ※保証完了まで、該当アプリを削除しないでください。 ※ポイント獲得条件について不明点がある場合は、ワラウの カスタマーサービス にお問い合わせをお願いいたします。 / 30日以内にチュートリアル突破 / 30日以内にランク30到達 / 30日以内にランク60到達 / 30日以内にランク80到達 / 30日以内に3回課金 / 30日以内に達成パック(3000円)をクリスタル以外で購入 / 45日以内にランク100到達 / 45日以内にランク110到達 / 30日以内に累計5000円課金 / 45日以内にランク140到達 / 30日以内に累計10000円課金,Android,StepUp,インストール日から起算して30日／45日以内（ステップ別）,2026-09-29,https://www.warau.jp/contents/point/pointEntrance.php?point_id=205982,https://www.warau.jp/contents/point/pointEntrance.php?point_id=205982,true
メメントモリ|warau|Android|https://www.warau.jp/contents/point/pointEntrance.php?point_id=206500,メメントモリ,warau,SmaAD,4906,初回アプリインストール後、StepUpミッションをクリア,Android,StepUp,案件ページで確認,2026-09-08,https://www.warau.jp/contents/point/pointEntrance.php?point_id=206500,https://www.warau.jp/contents/point/category?category_group=77&display_style=list&page=1&point_group=2&sort=new,true
メメントモリ|warau|iOS|https://www.warau.jp/contents/point/pointEntrance.php?point_id=206035,メメントモリ,warau,,12050,新規アプリインストール後、StepUpミッション（チュートリアル突破、ランク30到達、ランク60到達、ランク80到達、3回課金、達成パック(3000円)購入、ランク100到達、ランク110到達、累計5000円課金、ランク140到達、累計10000円課金）を各期限内に達成,iOS,StepUp,インストール日から起算して30日／45日以内（ステップ別）,2026-09-09,https://www.warau.jp/contents/point/pointEntrance.php?point_id=206035,https://www.warau.jp/contents/point/pointEntrance.php?point_id=206035,true
メメントモリ|warau|iOS|https://www.warau.jp/contents/point/pointEntrance.php?point_id=206037,メメントモリ,warau,,11500,ポイント獲得条件 ※この広告は1日ごとに利用件数の上限が設定されています。上限に到達している場合、翌日の再開をお待ちください。 ■獲得条件 新規アプリインストール後、StepUpミッションの各達成条件をクリア ※達成期限は各達成条件によって異なります。また、すべてインストール日から起算した期日となります。 ※ポイント通帳の判定状態に「判定中」の記載がない場合は、ポイント対象外となります。必ず記載があることを確認した上で、アプリを進めてください。 ※「ポイントを貯める」をタップした後、1時間以内にアプリを起動をしてください。また、他のアプリの起動やサイトの閲覧はしないでください。 ※アプリを起動するまで、通信環境を変更しないでください。（モバイル回線やWi-Fiの切り替えも含む） 【『3回課金』『累計○○円課金』について】 盟約特権(120円のサブスクリプション)は課金回数・金額に含まれませんのでご注意ください。 【『達成パック(3000円)をクリスタル以外で購入』について】 以下に該当する場合は対象外となりますのでご注意ください。 クリスタルで該当アイテムを購入された場合 外部決済アイテム経由で購入された場合 ■獲得対象外 別版に引き継ぎ、引継ぎ先で条件到達した場合 ゲーム内のサーバーを移動した場合 ポイント通帳の判定状態に「判定中」と表示されない場合 広告主が不正や重複した利用と判断した場合 以下のいずれかに該当し、新規インストールと認められない場合 過去に本アプリをインストールしている アプリを削除して再インストールしている 同一WIFI、同一IP、同一端末で本アプリをインストールしている 別の端末にデータを引き継いでアプリを利用している 以下のいずれかに該当し、ご利用情報が正しくトラッキングされていない場合 「ポイントを貯める」をタップしてから1時間以内にアプリを起動していない、またはその間に通信環境の変更、他のアプリ起動やサイト閲覧している オフライン、公共WiFiなどでアプリを利用している 日本国内以外からのアクセス、または日本国外のIPでアプリを利用している 広告ブロッカー（アドブロック機能）を利用している 端末の「広告ID」を削除またはリセットしている Safariにデフォルトで入ってる「サイト越えトラッキングを防ぐ」が【ON】になっている アプリ起動時に「Appにトラッキングしないように要求」をタップした 端末の「Appからのトラッキング要求を許可」設定が【OFF】になっている、もしくは「追跡型広告を制限」設定が【ON】になっている ■注意事項 ポイント通帳へは各Step達成ごとの獲得ptが追加されます。 獲得条件やポイント数が変更される場合がございますが、インストール時の条件が適用されます。 ストア（サイト）に遷移しない場合は、端末のOSを最新のものにアップデートして再度お試しください。 条件達成後、ポイント付与までに最大24時間かかります。 キャンペーンは予告なく変更・終了する場合がございます。 直接広告主へワラウポイントについて問い合わせする事は、いかなる場合でも禁止されています。 ■あんしん保証制度 この広告は、ポイント通帳の判定状態に「判定中」の記載がある場合、 あんしん保証制度 の対象となります。以下の保証対象に該当する場合は、期限内に保証申請フォームからステップ（Step）ごとにお手続きをお願いいたします。 【保証対象と申請期限】 判定期間保証 申請期限：インストール日から起算して80日以内 【申請に必要な情報】 お手続きをスムーズに進めるため、以下の情報をご用意ください。 Step「チュートリアル突破」の場合 キャプチャ：チュートリアル突破が確認できるクエスト画面 ［アプリを起動］⇒［ホーム画面］⇒画面下の［クエスト］をタップ⇒［クエスト画面］ キャプチャ：プレイヤー情報画面 アプリ起動→ホーム画面左上のアイコンをタップ→プレイヤー情報画面 Step「ランク○○到達」の場合 キャプチャ：到達したランクが確認できるプレイヤー情報画面 アプリ起動→ホーム画面左上のアイコンをタップ→プレイヤー情報画面 キャプチャ：アプリのホーム画面 アプリ起動→アプリのホーム画面 Step「3回課金」「○○を購入」「累計○○円課金」の場合 キャプチャ：プレイヤー情報画面 アプリ起動→ホーム画面左上のアイコンをタップ→プレイヤー情報画面 キャプチャ：課金内容が確認できる購入履歴画面 ［App Store］⇒ 画面右上［アカウント］アイコン ⇒［自分の名前］⇒［購入履歴］⇒ 検索窓に『メメントモリ』と入力し、検索 ⇒［購入履歴一覧画面］ ※申請に必要な情報は変更される場合があります。必ず申請フォームで最新情報をご確認ください。 ※保証完了まで、該当アプリを削除しないでください。 ※ポイント獲得条件について不明点がある場合は、ワラウの カスタマーサービス にお問い合わせをお願いいたします。 / 30日以内にチュートリアル突破 / 30日以内にランク30到達 / 30日以内にランク60到達 / 30日以内にランク80到達 / 30日以内に3回課金 / 30日以内に達成パック(3000円)をクリスタル以外で購入 / 45日以内にランク100到達 / 45日以内にランク110到達 / 30日以内に累計5000円課金 / 45日以内にランク140到達 / 30日以内に累計10000円課金,iOS,StepUp,インストール日から起算して30日／45日以内（ステップ別）,2026-09-29,https://www.warau.jp/contents/point/pointEntrance.php?point_id=206037,https://www.warau.jp/contents/point/pointEntrance.php?point_id=206037,true
メメントモリ|warau|iOS|https://www.warau.jp/contents/point/pointEntrance.php?point_id=206501,メメントモリ,warau,SmaAD,4906,初回アプリインストール後、StepUpミッションをクリア,iOS,StepUp,案件ページで確認,2026-09-08,https://www.warau.jp/contents/point/pointEntrance.php?point_id=206501,https://www.warau.jp/contents/point/category?category_group=77&display_style=list&page=1&point_group=2&sort=new,true
ワーキングヒーロー|hapitas|Android|https://hapitas.jp/item/detail/itemid/101445,ワーキングヒーロー,hapitas,,9822,新規アプリインストール後60日以内にStepUp（★5ヒーロー11枠、ユーザーランク25/50、ミッションメダル7枚、PVP500勝、チームメダル500/4000枚、イベントメダル30枚、650円/1200円/160円課金）,Android,StepUp,インストール後60日以内,2026-09-28,https://hapitas.jp/item/detail/itemid/101445,https://hapitas.jp/item/detail/itemid/101445,true
ワーキングヒーロー|hapitas|iOS|https://hapitas.jp/item/detail/itemid/101444,ワーキングヒーロー,hapitas,,9822,新規アプリインストール後60日以内にStepUp（★5ヒーロー11枠、ユーザーランク25/50、ミッションメダル7枚、PVP500勝、チームメダル500/4000枚、イベントメダル30枚、650円/1200円/160円課金）,iOS,StepUp,インストール後60日以内,2026-09-28,https://hapitas.jp/item/detail/itemid/101444,https://hapitas.jp/item/detail/itemid/101444,true
放置少女|moppy|不明|https://pc.moppy.jp/ad/detail.php?site_id=147270,放置少女,moppy,,1852,新規アプリインストール後、45日以内にプレイヤーレベル120到達（1転生Lv20到達）,不明,通常,インストール日から起算して45日以内,2026-09-24,https://pc.moppy.jp/ad/detail.php?site_id=147270,https://pc.moppy.jp/ad/detail.php?site_id=147270,true
放置少女|warau|Android|https://www.warau.jp/contents/point/pointEntrance.php?point_id=177971,放置少女,warau,,1600,新規アプリインストール後、45日以内にプレイヤーレベル120到達（1転生Lv20到達）,Android,通常,インストール日から起算して45日以内,2026-09-08,https://www.warau.jp/contents/point/pointEntrance.php?point_id=177971,https://www.warau.jp/contents/point/pointEntrance.php?point_id=177971,true
放置少女|warau|iOS|https://www.warau.jp/contents/point/pointEntrance.php?point_id=206411,放置少女,warau,,2000,ポイント獲得条件 ■獲得条件 新規アプリインストール後、インストール日から起算して45日以内にStepUpミッションの各達成条件をクリア ※ポイント通帳の判定状態に「判定中」の記載がない場合は、ポイント対象外となります。必ず記載があることを確認した上で、アプリを進めてください。 ※「ポイントを貯める」をタップした後、1時間以内にアプリを起動をしてください。また、他のアプリの起動やサイトの閲覧はしないでください。 ※アプリを起動するまで、通信環境を変更しないでください。（モバイル回線やWi-Fiの切り替えも含む） ■獲得対象外 ポイント通帳の判定状態に「判定中」と表示されない場合 広告主が不正や重複した利用と判断した場合 以下のいずれかに該当し、新規インストールと認められない場合 過去に本アプリをインストールしている アプリを削除して再インストールしている 同一WIFI、同一IP、同一端末で本アプリをインストールしている 別の端末にデータを引き継いでアプリを利用している 以下のいずれかに該当し、ご利用情報が正しくトラッキングされていない場合 「ポイントを貯める」をタップしてから1時間以内にアプリを起動していない、またはその間に通信環境の変更、他のアプリ起動やサイト閲覧している オフライン、公共WiFiなどでアプリを利用している 日本国内以外からのアクセス、または日本国外のIPでアプリを利用している 広告ブロッカー（アドブロック機能）を利用している 端末の「広告ID」を削除またはリセットしている Safariにデフォルトで入ってる「サイト越えトラッキングを防ぐ」が【ON】になっている アプリ起動時に「Appにトラッキングしないように要求」をタップした 端末の「Appからのトラッキング要求を許可」設定が【OFF】になっている、もしくは「追跡型広告を制限」設定が【ON】になっている ■注意事項 ポイント通帳へは各Step達成ごとの獲得ptが追加されます。 獲得条件やポイント数が変更される場合がございますが、インストール時の条件が適用されます。 ストア（サイト）に遷移しない場合は、端末のOSを最新のものにアップデートして再度お試しください。 条件達成後、ポイント付与までに最大24時間かかります。 キャンペーンは予告なく変更・終了する場合がございます。 直接広告主へワラウポイントについて問い合わせする事は、いかなる場合でも禁止されています。 ■あんしん保証制度 この広告は、ポイント通帳の判定状態に「判定中」の記載がある場合、 あんしん保証制度 の対象となります。以下の保証対象に該当する場合は、期限内に保証申請フォームからステップ（Step）ごとにお手続きをお願いいたします。 【保証対象と申請期限】 判定期間保証 申請期限：インストール日から起算して80日以内 【申請に必要な情報】 お手続きをスムーズに進めるため、以下の情報をご用意ください。 『プレイヤーレベル〇〇到達』の場合 キャプチャ：プレイヤーレベルが確認できるアプリホーム画面 ［アプリを起動］⇒スタートをタップ⇒［ホーム画面］ キャプチャ：ゲーム内のアカウント画面 ［アプリを起動］⇒スタートをタップ⇒上部のプレイヤーアイコンをタップ［アカウント画面］ 『初回課金』 キャプチャ：課金内容が確認できる購入履歴画面 ［App Store］⇒ 画面右上［アカウント］アイコン ⇒［自分の名前］⇒［購入履歴］⇒ 検索窓からアプリ名を検索 ⇒［購入履歴画面］ ※課金直後は「保留」の表記となり注文番号が表示されないため、注文番号が表示されていることを確認の上お問い合わせをお願いいたします。 キャプチャ：ゲーム内のアカウント画面 ［アプリを起動］⇒スタートをタップ⇒上部のプレイヤーアイコンをタップ［アカウント画面］ ※申請に必要な情報は変更される場合があります。必ず申請フォームで最新情報をご確認ください。 ※保証完了まで、該当アプリを削除しないでください。 ※ポイント獲得条件について不明点がある場合は、ワラウの カスタマーサービス にお問い合わせをお願いいたします。 / プレイヤーレベル90到達 / 初回課金 / プレイヤーレベル120到達（1転生Lv.20到達）,iOS,StepUp,条件欄の各ステップ期限を参照,2026-09-25,https://www.warau.jp/contents/point/pointEntrance.php?point_id=206411,https://www.warau.jp/contents/point/pointEntrance.php?point_id=206411,true
東京ディバンカー|hapitas|Android|https://hapitas.jp/item/detail/itemid/91334,東京ディバンカー,hapitas,,147,新規アプリインストール後、3日間連続でログインボーナスを獲得,Android,通常,インストール日から起算して30日以内,2026-09-28,https://hapitas.jp/item/detail/itemid/91334,https://hapitas.jp/item/detail/itemid/91334,true
東京ディバンカー|hapitas|iOS|https://hapitas.jp/item/detail/itemid/91316,東京ディバンカー,hapitas,,147,新規アプリインストール後、3日間連続でログインボーナスを獲得,iOS,通常,インストール日から起算して30日以内,2026-09-28,https://hapitas.jp/item/detail/itemid/91316,https://hapitas.jp/item/detail/itemid/91316,true
東京ディバンカー|moppy|不明|https://pc.moppy.jp/ad/detail.php?site_id=158257,東京ディバンカー,moppy,,199,新規アプリインストール後、3日間連続でログインボーナスを獲得,不明,通常,インストール日から起算して30日以内,2026-09-24,https://pc.moppy.jp/ad/detail.php?site_id=158257,https://pc.moppy.jp/ad/detail.php?site_id=158257,true
東京ディバンカー|moppy|不明|https://pc.moppy.jp/ad/detail.php?site_id=158270,東京ディバンカー,moppy,,199,新規アプリインストール後、3日間連続でログインボーナスを獲得,不明,通常,インストール日から起算して30日以内,2026-09-24,https://pc.moppy.jp/ad/detail.php?site_id=158270,https://pc.moppy.jp/ad/detail.php?site_id=158270,true
東京ディバンカー|point_income|Android|https://sp.pointi.jp/ad/149927/,東京ディバンカー,point_income,,150,アプリインストール後、起動→承認待ち反映後、30日以内に3日間連続でログインボーナスを獲得する,Android,通常,承認待ち反映後、30日以内,2026-09-26,https://sp.pointi.jp/ad/149927/,https://sp.pointi.jp/ad/149927/,true
東京ディバンカー|point_income|iOS|https://sp.pointi.jp/ad/149911/,東京ディバンカー,point_income,,150,アプリインストール後、起動→承認待ち反映後、30日以内に3日間連続でログインボーナスを獲得する,iOS,通常,承認待ち反映後、30日以内,2026-09-26,https://sp.pointi.jp/ad/149911/,https://sp.pointi.jp/ad/149911/,true
東京ディバンカー|warau|Android|https://www.warau.jp/contents/point/pointEntrance.php?point_id=191401,東京ディバンカー,warau,,210,新規アプリインストール後、3日間連続でログインボーナスを獲得する,Android,通常,インストール日から起算して30日以内,2026-09-09,https://www.warau.jp/contents/point/pointEntrance.php?point_id=191401,https://www.warau.jp/contents/point/pointEntrance.php?point_id=191401,true
東京ディバンカー|warau|iOS|https://www.warau.jp/contents/point/pointEntrance.php?point_id=191400,東京ディバンカー,warau,,210,新規アプリインストール後、3日間連続でログインボーナスを獲得する,iOS,通常,インストール日から起算して30日以内,2026-09-09,https://www.warau.jp/contents/point/pointEntrance.php?point_id=191400,https://www.warau.jp/contents/point/pointEntrance.php?point_id=191400,true
